id,pii_type,pred
3140482536,EMAIL,domain@name.surname
3140482536,CREDIT,0000 0000 0000 0000
3140482536,PHONE,+12312312312
2342526252,EMAIL,domain@name.surname
2342526252,CREDIT,0000 0000 0000 0000
2342526252,PHONE,+12312312312
3527914022,EMAIL,domain@name.surname
3527914022,CREDIT,0000 0000 0000 0000
3527914022,PHONE,+12312312312
9952301623,EMAIL,domain@name.surname
9952301623,CREDIT,0000 0000 0000 0000
9952301623,PHONE,+12312312312
6823504939,EMAIL,domain@name.surname
6823504939,CREDIT,0000 0000 0000 0000
6823504939,PHONE,+12312312312
5991272824,EMAIL,domain@name.surname
5991272824,CREDIT,0000 0000 0000 0000
5991272824,PHONE,+12312312312
6797859371,EMAIL,domain@name.surname
6797859371,CREDIT,0000 0000 0000 0000
6797859371,PHONE,+12312312312
1854690348,EMAIL,domain@name.surname
1854690348,CREDIT,0000 0000 0000 0000
1854690348,PHONE,+12312312312
2011367438,EMAIL,domain@name.surname
2011367438,CREDIT,0000 0000 0000 0000
2011367438,PHONE,+12312312312
2452013116,EMAIL,domain@name.surname
2452013116,CREDIT,0000 0000 0000 0000
2452013116,PHONE,+12312312312
2298958738,EMAIL,domain@name.surname
2298958738,CREDIT,0000 0000 0000 0000
2298958738,PHONE,+12312312312
0687761693,EMAIL,domain@name.surname
0687761693,CREDIT,0000 0000 0000 0000
0687761693,PHONE,+12312312312
0809765956,EMAIL,domain@name.surname
0809765956,CREDIT,0000 0000 0000 0000
0809765956,PHONE,+12312312312
8197036248,EMAIL,domain@name.surname
8197036248,CREDIT,0000 0000 0000 0000
8197036248,PHONE,+12312312312
5330770253,EMAIL,domain@name.surname
5330770253,CREDIT,0000 0000 0000 0000
5330770253,PHONE,+12312312312
4859880089,EMAIL,domain@name.surname
4859880089,CREDIT,0000 0000 0000 0000
4859880089,PHONE,+12312312312
6307400872,EMAIL,domain@name.surname
6307400872,CREDIT,0000 0000 0000 0000
6307400872,PHONE,+12312312312
4414053318,EMAIL,domain@name.surname
4414053318,CREDIT,0000 0000 0000 0000
4414053318,PHONE,+12312312312
1850804024,EMAIL,domain@name.surname
1850804024,CREDIT,0000 0000 0000 0000
1850804024,PHONE,+12312312312
5436793013,EMAIL,domain@name.surname
5436793013,CREDIT,0000 0000 0000 0000
5436793013,PHONE,+12312312312
2616512304,EMAIL,domain@name.surname
2616512304,CREDIT,0000 0000 0000 0000
2616512304,PHONE,+12312312312
6998768614,EMAIL,domain@name.surname
6998768614,CREDIT,0000 0000 0000 0000
6998768614,PHONE,+12312312312
6795110773,EMAIL,domain@name.surname
6795110773,CREDIT,0000 0000 0000 0000
6795110773,PHONE,+12312312312
9592161555,EMAIL,domain@name.surname
9592161555,CREDIT,0000 0000 0000 0000
9592161555,PHONE,+12312312312
7516913601,EMAIL,domain@name.surname
7516913601,CREDIT,0000 0000 0000 0000
7516913601,PHONE,+12312312312
9969414488,EMAIL,domain@name.surname
9969414488,CREDIT,0000 0000 0000 0000
9969414488,PHONE,+12312312312
7783053041,EMAIL,domain@name.surname
7783053041,CREDIT,0000 0000 0000 0000
7783053041,PHONE,+12312312312
4786239946,EMAIL,domain@name.surname
4786239946,CREDIT,0000 0000 0000 0000
4786239946,PHONE,+12312312312
5636822727,EMAIL,domain@name.surname
5636822727,CREDIT,0000 0000 0000 0000
5636822727,PHONE,+12312312312
7578550881,EMAIL,domain@name.surname
7578550881,CREDIT,0000 0000 0000 0000
7578550881,PHONE,+12312312312
5839702964,EMAIL,domain@name.surname
5839702964,CREDIT,0000 0000 0000 0000
5839702964,PHONE,+12312312312
7245897048,EMAIL,domain@name.surname
7245897048,CREDIT,0000 0000 0000 0000
7245897048,PHONE,+12312312312
6333454907,EMAIL,domain@name.surname
6333454907,CREDIT,0000 0000 0000 0000
6333454907,PHONE,+12312312312
4758361854,EMAIL,domain@name.surname
4758361854,CREDIT,0000 0000 0000 0000
4758361854,PHONE,+12312312312
4501488948,EMAIL,domain@name.surname
4501488948,CREDIT,0000 0000 0000 0000
4501488948,PHONE,+12312312312
4665238571,EMAIL,domain@name.surname
4665238571,CREDIT,0000 0000 0000 0000
4665238571,PHONE,+12312312312
3822310683,EMAIL,domain@name.surname
3822310683,CREDIT,0000 0000 0000 0000
3822310683,PHONE,+12312312312
2669732779,EMAIL,domain@name.surname
2669732779,CREDIT,0000 0000 0000 0000
2669732779,PHONE,+12312312312
6343347382,EMAIL,domain@name.surname
6343347382,CREDIT,0000 0000 0000 0000
6343347382,PHONE,+12312312312
7088160266,EMAIL,domain@name.surname
7088160266,CREDIT,0000 0000 0000 0000
7088160266,PHONE,+12312312312
7073581086,EMAIL,domain@name.surname
7073581086,CREDIT,0000 0000 0000 0000
7073581086,PHONE,+12312312312
2736667165,EMAIL,domain@name.surname
2736667165,CREDIT,0000 0000 0000 0000
2736667165,PHONE,+12312312312
4262016241,EMAIL,domain@name.surname
4262016241,CREDIT,0000 0000 0000 0000
4262016241,PHONE,+12312312312
6405632527,EMAIL,domain@name.surname
6405632527,CREDIT,0000 0000 0000 0000
6405632527,PHONE,+12312312312
4242390906,EMAIL,domain@name.surname
4242390906,CREDIT,0000 0000 0000 0000
4242390906,PHONE,+12312312312
2213371045,EMAIL,domain@name.surname
2213371045,CREDIT,0000 0000 0000 0000
2213371045,PHONE,+12312312312
3467896726,EMAIL,domain@name.surname
3467896726,CREDIT,0000 0000 0000 0000
3467896726,PHONE,+12312312312
5521602638,EMAIL,domain@name.surname
5521602638,CREDIT,0000 0000 0000 0000
5521602638,PHONE,+12312312312
6248528183,EMAIL,domain@name.surname
6248528183,CREDIT,0000 0000 0000 0000
6248528183,PHONE,+12312312312
8059244205,EMAIL,domain@name.surname
8059244205,CREDIT,0000 0000 0000 0000
8059244205,PHONE,+12312312312
6734964189,EMAIL,domain@name.surname
6734964189,CREDIT,0000 0000 0000 0000
6734964189,PHONE,+12312312312
0104679731,EMAIL,domain@name.surname
0104679731,CREDIT,0000 0000 0000 0000
0104679731,PHONE,+12312312312
1661056744,EMAIL,domain@name.surname
1661056744,CREDIT,0000 0000 0000 0000
1661056744,PHONE,+12312312312
5597345977,EMAIL,domain@name.surname
5597345977,CREDIT,0000 0000 0000 0000
5597345977,PHONE,+12312312312
5010895163,EMAIL,domain@name.surname
5010895163,CREDIT,0000 0000 0000 0000
5010895163,PHONE,+12312312312
6277997787,EMAIL,domain@name.surname
6277997787,CREDIT,0000 0000 0000 0000
6277997787,PHONE,+12312312312
6148428024,EMAIL,domain@name.surname
6148428024,CREDIT,0000 0000 0000 0000
6148428024,PHONE,+12312312312
5269819885,EMAIL,domain@name.surname
5269819885,CREDIT,0000 0000 0000 0000
5269819885,PHONE,+12312312312
7893240097,EMAIL,domain@name.surname
7893240097,CREDIT,0000 0000 0000 0000
7893240097,PHONE,+12312312312
2321523947,EMAIL,domain@name.surname
2321523947,CREDIT,0000 0000 0000 0000
2321523947,PHONE,+12312312312
6375871750,EMAIL,domain@name.surname
6375871750,CREDIT,0000 0000 0000 0000
6375871750,PHONE,+12312312312
2312511423,EMAIL,domain@name.surname
2312511423,CREDIT,0000 0000 0000 0000
2312511423,PHONE,+12312312312
9327572400,EMAIL,domain@name.surname
9327572400,CREDIT,0000 0000 0000 0000
9327572400,PHONE,+12312312312
6262768323,EMAIL,domain@name.surname
6262768323,CREDIT,0000 0000 0000 0000
6262768323,PHONE,+12312312312
9491849296,EMAIL,domain@name.surname
9491849296,CREDIT,0000 0000 0000 0000
9491849296,PHONE,+12312312312
0101731090,EMAIL,domain@name.surname
0101731090,CREDIT,0000 0000 0000 0000
0101731090,PHONE,+12312312312
8964279248,EMAIL,domain@name.surname
8964279248,CREDIT,0000 0000 0000 0000
8964279248,PHONE,+12312312312
1170965088,EMAIL,domain@name.surname
1170965088,CREDIT,0000 0000 0000 0000
1170965088,PHONE,+12312312312
6612217269,EMAIL,domain@name.surname
6612217269,CREDIT,0000 0000 0000 0000
6612217269,PHONE,+12312312312
2942486136,EMAIL,domain@name.surname
2942486136,CREDIT,0000 0000 0000 0000
2942486136,PHONE,+12312312312
1069995317,EMAIL,domain@name.surname
1069995317,CREDIT,0000 0000 0000 0000
1069995317,PHONE,+12312312312
2414590129,EMAIL,domain@name.surname
2414590129,CREDIT,0000 0000 0000 0000
2414590129,PHONE,+12312312312
7250240674,EMAIL,domain@name.surname
7250240674,CREDIT,0000 0000 0000 0000
7250240674,PHONE,+12312312312
6935055985,EMAIL,domain@name.surname
6935055985,CREDIT,0000 0000 0000 0000
6935055985,PHONE,+12312312312
9352153344,EMAIL,domain@name.surname
9352153344,CREDIT,0000 0000 0000 0000
9352153344,PHONE,+12312312312
4856833411,EMAIL,domain@name.surname
4856833411,CREDIT,0000 0000 0000 0000
4856833411,PHONE,+12312312312
2321176582,EMAIL,domain@name.surname
2321176582,CREDIT,0000 0000 0000 0000
2321176582,PHONE,+12312312312
2603681082,EMAIL,domain@name.surname
2603681082,CREDIT,0000 0000 0000 0000
2603681082,PHONE,+12312312312
5843379389,EMAIL,domain@name.surname
5843379389,CREDIT,0000 0000 0000 0000
5843379389,PHONE,+12312312312
7225426283,EMAIL,domain@name.surname
7225426283,CREDIT,0000 0000 0000 0000
7225426283,PHONE,+12312312312
7103273038,EMAIL,domain@name.surname
7103273038,CREDIT,0000 0000 0000 0000
7103273038,PHONE,+12312312312
9422025318,EMAIL,domain@name.surname
9422025318,CREDIT,0000 0000 0000 0000
9422025318,PHONE,+12312312312
8279367833,EMAIL,domain@name.surname
8279367833,CREDIT,0000 0000 0000 0000
8279367833,PHONE,+12312312312
5356716120,EMAIL,domain@name.surname
5356716120,CREDIT,0000 0000 0000 0000
5356716120,PHONE,+12312312312
3761948555,EMAIL,domain@name.surname
3761948555,CREDIT,0000 0000 0000 0000
3761948555,PHONE,+12312312312
3188104554,EMAIL,domain@name.surname
3188104554,CREDIT,0000 0000 0000 0000
3188104554,PHONE,+12312312312
2225966166,EMAIL,domain@name.surname
2225966166,CREDIT,0000 0000 0000 0000
2225966166,PHONE,+12312312312
8548328228,EMAIL,domain@name.surname
8548328228,CREDIT,0000 0000 0000 0000
8548328228,PHONE,+12312312312
0573394070,EMAIL,domain@name.surname
0573394070,CREDIT,0000 0000 0000 0000
0573394070,PHONE,+12312312312
1027223869,EMAIL,domain@name.surname
1027223869,CREDIT,0000 0000 0000 0000
1027223869,PHONE,+12312312312
9041915891,EMAIL,domain@name.surname
9041915891,CREDIT,0000 0000 0000 0000
9041915891,PHONE,+12312312312
3620929299,EMAIL,domain@name.surname
3620929299,CREDIT,0000 0000 0000 0000
3620929299,PHONE,+12312312312
5110280092,EMAIL,domain@name.surname
5110280092,CREDIT,0000 0000 0000 0000
5110280092,PHONE,+12312312312
3105391515,EMAIL,domain@name.surname
3105391515,CREDIT,0000 0000 0000 0000
3105391515,PHONE,+12312312312
1858044219,EMAIL,domain@name.surname
1858044219,CREDIT,0000 0000 0000 0000
1858044219,PHONE,+12312312312
7867102930,EMAIL,domain@name.surname
7867102930,CREDIT,0000 0000 0000 0000
7867102930,PHONE,+12312312312
9112396135,EMAIL,domain@name.surname
9112396135,CREDIT,0000 0000 0000 0000
9112396135,PHONE,+12312312312
3954697145,EMAIL,domain@name.surname
3954697145,CREDIT,0000 0000 0000 0000
3954697145,PHONE,+12312312312
7201099064,EMAIL,domain@name.surname
7201099064,CREDIT,0000 0000 0000 0000
7201099064,PHONE,+12312312312
4746371040,EMAIL,domain@name.surname
4746371040,CREDIT,0000 0000 0000 0000
4746371040,PHONE,+12312312312
3274330584,EMAIL,domain@name.surname
3274330584,CREDIT,0000 0000 0000 0000
3274330584,PHONE,+12312312312
9187162257,EMAIL,domain@name.surname
9187162257,CREDIT,0000 0000 0000 0000
9187162257,PHONE,+12312312312
0519958178,EMAIL,domain@name.surname
0519958178,CREDIT,0000 0000 0000 0000
0519958178,PHONE,+12312312312
0925875341,EMAIL,domain@name.surname
0925875341,CREDIT,0000 0000 0000 0000
0925875341,PHONE,+12312312312
9373346107,EMAIL,domain@name.surname
9373346107,CREDIT,0000 0000 0000 0000
9373346107,PHONE,+12312312312
7694771851,EMAIL,domain@name.surname
7694771851,CREDIT,0000 0000 0000 0000
7694771851,PHONE,+12312312312
3768862489,EMAIL,domain@name.surname
3768862489,CREDIT,0000 0000 0000 0000
3768862489,PHONE,+12312312312
8139460741,EMAIL,domain@name.surname
8139460741,CREDIT,0000 0000 0000 0000
8139460741,PHONE,+12312312312
7915399455,EMAIL,domain@name.surname
7915399455,CREDIT,0000 0000 0000 0000
7915399455,PHONE,+12312312312
1455564612,EMAIL,domain@name.surname
1455564612,CREDIT,0000 0000 0000 0000
1455564612,PHONE,+12312312312
6129140465,EMAIL,domain@name.surname
6129140465,CREDIT,0000 0000 0000 0000
6129140465,PHONE,+12312312312
2684229441,EMAIL,domain@name.surname
2684229441,CREDIT,0000 0000 0000 0000
2684229441,PHONE,+12312312312
6414618461,EMAIL,domain@name.surname
6414618461,CREDIT,0000 0000 0000 0000
6414618461,PHONE,+12312312312
3138173741,EMAIL,domain@name.surname
3138173741,CREDIT,0000 0000 0000 0000
3138173741,PHONE,+12312312312
8733156993,EMAIL,domain@name.surname
8733156993,CREDIT,0000 0000 0000 0000
8733156993,PHONE,+12312312312
2364573149,EMAIL,domain@name.surname
2364573149,CREDIT,0000 0000 0000 0000
2364573149,PHONE,+12312312312
1217957300,EMAIL,domain@name.surname
1217957300,CREDIT,0000 0000 0000 0000
1217957300,PHONE,+12312312312
1532509687,EMAIL,domain@name.surname
1532509687,CREDIT,0000 0000 0000 0000
1532509687,PHONE,+12312312312
7053851640,EMAIL,domain@name.surname
7053851640,CREDIT,0000 0000 0000 0000
7053851640,PHONE,+12312312312
2629567782,EMAIL,domain@name.surname
2629567782,CREDIT,0000 0000 0000 0000
2629567782,PHONE,+12312312312
0007375128,EMAIL,domain@name.surname
0007375128,CREDIT,0000 0000 0000 0000
0007375128,PHONE,+12312312312
6016681724,EMAIL,domain@name.surname
6016681724,CREDIT,0000 0000 0000 0000
6016681724,PHONE,+12312312312
4371592538,EMAIL,domain@name.surname
4371592538,CREDIT,0000 0000 0000 0000
4371592538,PHONE,+12312312312
3906364500,EMAIL,domain@name.surname
3906364500,CREDIT,0000 0000 0000 0000
3906364500,PHONE,+12312312312
9566424749,EMAIL,domain@name.surname
9566424749,CREDIT,0000 0000 0000 0000
9566424749,PHONE,+12312312312
7007720101,EMAIL,domain@name.surname
7007720101,CREDIT,0000 0000 0000 0000
7007720101,PHONE,+12312312312
8703745995,EMAIL,domain@name.surname
8703745995,CREDIT,0000 0000 0000 0000
8703745995,PHONE,+12312312312
4631157514,EMAIL,domain@name.surname
4631157514,CREDIT,0000 0000 0000 0000
4631157514,PHONE,+12312312312
2814178852,EMAIL,domain@name.surname
2814178852,CREDIT,0000 0000 0000 0000
2814178852,PHONE,+12312312312
6640721029,EMAIL,domain@name.surname
6640721029,CREDIT,0000 0000 0000 0000
6640721029,PHONE,+12312312312
8569912224,EMAIL,domain@name.surname
8569912224,CREDIT,0000 0000 0000 0000
8569912224,PHONE,+12312312312
1554983884,EMAIL,domain@name.surname
1554983884,CREDIT,0000 0000 0000 0000
1554983884,PHONE,+12312312312
9700105445,EMAIL,domain@name.surname
9700105445,CREDIT,0000 0000 0000 0000
9700105445,PHONE,+12312312312
0174264861,EMAIL,domain@name.surname
0174264861,CREDIT,0000 0000 0000 0000
0174264861,PHONE,+12312312312
6925160377,EMAIL,domain@name.surname
6925160377,CREDIT,0000 0000 0000 0000
6925160377,PHONE,+12312312312
4231240341,EMAIL,domain@name.surname
4231240341,CREDIT,0000 0000 0000 0000
4231240341,PHONE,+12312312312
5484844569,EMAIL,domain@name.surname
5484844569,CREDIT,0000 0000 0000 0000
5484844569,PHONE,+12312312312
6914099649,EMAIL,domain@name.surname
6914099649,CREDIT,0000 0000 0000 0000
6914099649,PHONE,+12312312312
3448233728,EMAIL,domain@name.surname
3448233728,CREDIT,0000 0000 0000 0000
3448233728,PHONE,+12312312312
5818919863,EMAIL,domain@name.surname
5818919863,CREDIT,0000 0000 0000 0000
5818919863,PHONE,+12312312312
5538132530,EMAIL,domain@name.surname
5538132530,CREDIT,0000 0000 0000 0000
5538132530,PHONE,+12312312312
0292854593,EMAIL,domain@name.surname
0292854593,CREDIT,0000 0000 0000 0000
0292854593,PHONE,+12312312312
0104334631,EMAIL,domain@name.surname
0104334631,CREDIT,0000 0000 0000 0000
0104334631,PHONE,+12312312312
6373505159,EMAIL,domain@name.surname
6373505159,CREDIT,0000 0000 0000 0000
6373505159,PHONE,+12312312312
2642980215,EMAIL,domain@name.surname
2642980215,CREDIT,0000 0000 0000 0000
2642980215,PHONE,+12312312312
6681352253,EMAIL,domain@name.surname
6681352253,CREDIT,0000 0000 0000 0000
6681352253,PHONE,+12312312312
0271250968,EMAIL,domain@name.surname
0271250968,CREDIT,0000 0000 0000 0000
0271250968,PHONE,+12312312312
6806667210,EMAIL,domain@name.surname
6806667210,CREDIT,0000 0000 0000 0000
6806667210,PHONE,+12312312312
2960746203,EMAIL,domain@name.surname
2960746203,CREDIT,0000 0000 0000 0000
2960746203,PHONE,+12312312312
2137087545,EMAIL,domain@name.surname
2137087545,CREDIT,0000 0000 0000 0000
2137087545,PHONE,+12312312312
1187465942,EMAIL,domain@name.surname
1187465942,CREDIT,0000 0000 0000 0000
1187465942,PHONE,+12312312312
7264413996,EMAIL,domain@name.surname
7264413996,CREDIT,0000 0000 0000 0000
7264413996,PHONE,+12312312312
2810262507,EMAIL,domain@name.surname
2810262507,CREDIT,0000 0000 0000 0000
2810262507,PHONE,+12312312312
8197108934,EMAIL,domain@name.surname
8197108934,CREDIT,0000 0000 0000 0000
8197108934,PHONE,+12312312312
3592170182,EMAIL,domain@name.surname
3592170182,CREDIT,0000 0000 0000 0000
3592170182,PHONE,+12312312312
1905947226,EMAIL,domain@name.surname
1905947226,CREDIT,0000 0000 0000 0000
1905947226,PHONE,+12312312312
4129895610,EMAIL,domain@name.surname
4129895610,CREDIT,0000 0000 0000 0000
4129895610,PHONE,+12312312312
8401607478,EMAIL,domain@name.surname
8401607478,CREDIT,0000 0000 0000 0000
8401607478,PHONE,+12312312312
5063594710,EMAIL,domain@name.surname
5063594710,CREDIT,0000 0000 0000 0000
5063594710,PHONE,+12312312312
7407015464,EMAIL,domain@name.surname
7407015464,CREDIT,0000 0000 0000 0000
7407015464,PHONE,+12312312312
4080571992,EMAIL,domain@name.surname
4080571992,CREDIT,0000 0000 0000 0000
4080571992,PHONE,+12312312312
8526771739,EMAIL,domain@name.surname
8526771739,CREDIT,0000 0000 0000 0000
8526771739,PHONE,+12312312312
8122007036,EMAIL,domain@name.surname
8122007036,CREDIT,0000 0000 0000 0000
8122007036,PHONE,+12312312312
5957127331,EMAIL,domain@name.surname
5957127331,CREDIT,0000 0000 0000 0000
5957127331,PHONE,+12312312312
7342583142,EMAIL,domain@name.surname
7342583142,CREDIT,0000 0000 0000 0000
7342583142,PHONE,+12312312312
9386523023,EMAIL,domain@name.surname
9386523023,CREDIT,0000 0000 0000 0000
9386523023,PHONE,+12312312312
9507368163,EMAIL,domain@name.surname
9507368163,CREDIT,0000 0000 0000 0000
9507368163,PHONE,+12312312312
0871876962,EMAIL,domain@name.surname
0871876962,CREDIT,0000 0000 0000 0000
0871876962,PHONE,+12312312312
6997423844,EMAIL,domain@name.surname
6997423844,CREDIT,0000 0000 0000 0000
6997423844,PHONE,+12312312312
1920049017,EMAIL,domain@name.surname
1920049017,CREDIT,0000 0000 0000 0000
1920049017,PHONE,+12312312312
7899055175,EMAIL,domain@name.surname
7899055175,CREDIT,0000 0000 0000 0000
7899055175,PHONE,+12312312312
8561457956,EMAIL,domain@name.surname
8561457956,CREDIT,0000 0000 0000 0000
8561457956,PHONE,+12312312312
7619106008,EMAIL,domain@name.surname
7619106008,CREDIT,0000 0000 0000 0000
7619106008,PHONE,+12312312312
4433551947,EMAIL,domain@name.surname
4433551947,CREDIT,0000 0000 0000 0000
4433551947,PHONE,+12312312312
9557642404,EMAIL,domain@name.surname
9557642404,CREDIT,0000 0000 0000 0000
9557642404,PHONE,+12312312312
8112492733,EMAIL,domain@name.surname
8112492733,CREDIT,0000 0000 0000 0000
8112492733,PHONE,+12312312312
4555951661,EMAIL,domain@name.surname
4555951661,CREDIT,0000 0000 0000 0000
4555951661,PHONE,+12312312312
5437112890,EMAIL,domain@name.surname
5437112890,CREDIT,0000 0000 0000 0000
5437112890,PHONE,+12312312312
6342930882,EMAIL,domain@name.surname
6342930882,CREDIT,0000 0000 0000 0000
6342930882,PHONE,+12312312312
5866334993,EMAIL,domain@name.surname
5866334993,CREDIT,0000 0000 0000 0000
5866334993,PHONE,+12312312312
9962191353,EMAIL,domain@name.surname
9962191353,CREDIT,0000 0000 0000 0000
9962191353,PHONE,+12312312312
7798754828,EMAIL,domain@name.surname
7798754828,CREDIT,0000 0000 0000 0000
7798754828,PHONE,+12312312312
9755058038,EMAIL,domain@name.surname
9755058038,CREDIT,0000 0000 0000 0000
9755058038,PHONE,+12312312312
2666595214,EMAIL,domain@name.surname
2666595214,CREDIT,0000 0000 0000 0000
2666595214,PHONE,+12312312312
7813059352,EMAIL,domain@name.surname
7813059352,CREDIT,0000 0000 0000 0000
7813059352,PHONE,+12312312312
0720974957,EMAIL,domain@name.surname
0720974957,CREDIT,0000 0000 0000 0000
0720974957,PHONE,+12312312312
7359595211,EMAIL,domain@name.surname
7359595211,CREDIT,0000 0000 0000 0000
7359595211,PHONE,+12312312312
0228001765,EMAIL,domain@name.surname
0228001765,CREDIT,0000 0000 0000 0000
0228001765,PHONE,+12312312312
6012472966,EMAIL,domain@name.surname
6012472966,CREDIT,0000 0000 0000 0000
6012472966,PHONE,+12312312312
7948783645,EMAIL,domain@name.surname
7948783645,CREDIT,0000 0000 0000 0000
7948783645,PHONE,+12312312312
4282329585,EMAIL,domain@name.surname
4282329585,CREDIT,0000 0000 0000 0000
4282329585,PHONE,+12312312312
3708485516,EMAIL,domain@name.surname
3708485516,CREDIT,0000 0000 0000 0000
3708485516,PHONE,+12312312312
0300045561,EMAIL,domain@name.surname
0300045561,CREDIT,0000 0000 0000 0000
0300045561,PHONE,+12312312312
8826507244,EMAIL,domain@name.surname
8826507244,CREDIT,0000 0000 0000 0000
8826507244,PHONE,+12312312312
0943545014,EMAIL,domain@name.surname
0943545014,CREDIT,0000 0000 0000 0000
0943545014,PHONE,+12312312312
0760494822,EMAIL,domain@name.surname
0760494822,CREDIT,0000 0000 0000 0000
0760494822,PHONE,+12312312312
6340894250,EMAIL,domain@name.surname
6340894250,CREDIT,0000 0000 0000 0000
6340894250,PHONE,+12312312312
6036227638,EMAIL,domain@name.surname
6036227638,CREDIT,0000 0000 0000 0000
6036227638,PHONE,+12312312312
9999385250,EMAIL,domain@name.surname
9999385250,CREDIT,0000 0000 0000 0000
9999385250,PHONE,+12312312312
4837610291,EMAIL,domain@name.surname
4837610291,CREDIT,0000 0000 0000 0000
4837610291,PHONE,+12312312312
8944209225,EMAIL,domain@name.surname
8944209225,CREDIT,0000 0000 0000 0000
8944209225,PHONE,+12312312312
2666455887,EMAIL,domain@name.surname
2666455887,CREDIT,0000 0000 0000 0000
2666455887,PHONE,+12312312312
4654582548,EMAIL,domain@name.surname
4654582548,CREDIT,0000 0000 0000 0000
4654582548,PHONE,+12312312312
4463104220,EMAIL,domain@name.surname
4463104220,CREDIT,0000 0000 0000 0000
4463104220,PHONE,+12312312312
5537254656,EMAIL,domain@name.surname
5537254656,CREDIT,0000 0000 0000 0000
5537254656,PHONE,+12312312312
6414219694,EMAIL,domain@name.surname
6414219694,CREDIT,0000 0000 0000 0000
6414219694,PHONE,+12312312312
0122164446,EMAIL,domain@name.surname
0122164446,CREDIT,0000 0000 0000 0000
0122164446,PHONE,+12312312312
7504809429,EMAIL,domain@name.surname
7504809429,CREDIT,0000 0000 0000 0000
7504809429,PHONE,+12312312312
7399064635,EMAIL,domain@name.surname
7399064635,CREDIT,0000 0000 0000 0000
7399064635,PHONE,+12312312312
2772457798,EMAIL,domain@name.surname
2772457798,CREDIT,0000 0000 0000 0000
2772457798,PHONE,+12312312312
3949420891,EMAIL,domain@name.surname
3949420891,CREDIT,0000 0000 0000 0000
3949420891,PHONE,+12312312312
2816512401,EMAIL,domain@name.surname
2816512401,CREDIT,0000 0000 0000 0000
2816512401,PHONE,+12312312312
3911173277,EMAIL,domain@name.surname
3911173277,CREDIT,0000 0000 0000 0000
3911173277,PHONE,+12312312312
9640630036,EMAIL,domain@name.surname
9640630036,CREDIT,0000 0000 0000 0000
9640630036,PHONE,+12312312312
9893811345,EMAIL,domain@name.surname
9893811345,CREDIT,0000 0000 0000 0000
9893811345,PHONE,+12312312312
2516562740,EMAIL,domain@name.surname
2516562740,CREDIT,0000 0000 0000 0000
2516562740,PHONE,+12312312312
6461535251,EMAIL,domain@name.surname
6461535251,CREDIT,0000 0000 0000 0000
6461535251,PHONE,+12312312312
6345337354,EMAIL,domain@name.surname
6345337354,CREDIT,0000 0000 0000 0000
6345337354,PHONE,+12312312312
0234423249,EMAIL,domain@name.surname
0234423249,CREDIT,0000 0000 0000 0000
0234423249,PHONE,+12312312312
1570212522,EMAIL,domain@name.surname
1570212522,CREDIT,0000 0000 0000 0000
1570212522,PHONE,+12312312312
0979928208,EMAIL,domain@name.surname
0979928208,CREDIT,0000 0000 0000 0000
0979928208,PHONE,+12312312312
4190994991,EMAIL,domain@name.surname
4190994991,CREDIT,0000 0000 0000 0000
4190994991,PHONE,+12312312312
1787276364,EMAIL,domain@name.surname
1787276364,CREDIT,0000 0000 0000 0000
1787276364,PHONE,+12312312312
1316716641,EMAIL,domain@name.surname
1316716641,CREDIT,0000 0000 0000 0000
1316716641,PHONE,+12312312312
0592220761,EMAIL,domain@name.surname
0592220761,CREDIT,0000 0000 0000 0000
0592220761,PHONE,+12312312312
6868992509,EMAIL,domain@name.surname
6868992509,CREDIT,0000 0000 0000 0000
6868992509,PHONE,+12312312312
8388106834,EMAIL,domain@name.surname
8388106834,CREDIT,0000 0000 0000 0000
8388106834,PHONE,+12312312312
2675906311,EMAIL,domain@name.surname
2675906311,CREDIT,0000 0000 0000 0000
2675906311,PHONE,+12312312312
0287942518,EMAIL,domain@name.surname
0287942518,CREDIT,0000 0000 0000 0000
0287942518,PHONE,+12312312312
1234897241,EMAIL,domain@name.surname
1234897241,CREDIT,0000 0000 0000 0000
1234897241,PHONE,+12312312312
2695009132,EMAIL,domain@name.surname
2695009132,CREDIT,0000 0000 0000 0000
2695009132,PHONE,+12312312312
9548088445,EMAIL,domain@name.surname
9548088445,CREDIT,0000 0000 0000 0000
9548088445,PHONE,+12312312312
6778293340,EMAIL,domain@name.surname
6778293340,CREDIT,0000 0000 0000 0000
6778293340,PHONE,+12312312312
8054199624,EMAIL,domain@name.surname
8054199624,CREDIT,0000 0000 0000 0000
8054199624,PHONE,+12312312312
7477834453,EMAIL,domain@name.surname
7477834453,CREDIT,0000 0000 0000 0000
7477834453,PHONE,+12312312312
1589839107,EMAIL,domain@name.surname
1589839107,CREDIT,0000 0000 0000 0000
1589839107,PHONE,+12312312312
0871224161,EMAIL,domain@name.surname
0871224161,CREDIT,0000 0000 0000 0000
0871224161,PHONE,+12312312312
0762266952,EMAIL,domain@name.surname
0762266952,CREDIT,0000 0000 0000 0000
0762266952,PHONE,+12312312312
6188388752,EMAIL,domain@name.surname
6188388752,CREDIT,0000 0000 0000 0000
6188388752,PHONE,+12312312312
5079933276,EMAIL,domain@name.surname
5079933276,CREDIT,0000 0000 0000 0000
5079933276,PHONE,+12312312312
8173591934,EMAIL,domain@name.surname
8173591934,CREDIT,0000 0000 0000 0000
8173591934,PHONE,+12312312312
5529190771,EMAIL,domain@name.surname
5529190771,CREDIT,0000 0000 0000 0000
5529190771,PHONE,+12312312312
1873656455,EMAIL,domain@name.surname
1873656455,CREDIT,0000 0000 0000 0000
1873656455,PHONE,+12312312312
0424845686,EMAIL,domain@name.surname
0424845686,CREDIT,0000 0000 0000 0000
0424845686,PHONE,+12312312312
0592133262,EMAIL,domain@name.surname
0592133262,CREDIT,0000 0000 0000 0000
0592133262,PHONE,+12312312312
4741330446,EMAIL,domain@name.surname
4741330446,CREDIT,0000 0000 0000 0000
4741330446,PHONE,+12312312312
4457244894,EMAIL,domain@name.surname
4457244894,CREDIT,0000 0000 0000 0000
4457244894,PHONE,+12312312312
3706172558,EMAIL,domain@name.surname
3706172558,CREDIT,0000 0000 0000 0000
3706172558,PHONE,+12312312312
0714384609,EMAIL,domain@name.surname
0714384609,CREDIT,0000 0000 0000 0000
0714384609,PHONE,+12312312312
5403680673,EMAIL,domain@name.surname
5403680673,CREDIT,0000 0000 0000 0000
5403680673,PHONE,+12312312312
7651495433,EMAIL,domain@name.surname
7651495433,CREDIT,0000 0000 0000 0000
7651495433,PHONE,+12312312312
4267571220,EMAIL,domain@name.surname
4267571220,CREDIT,0000 0000 0000 0000
4267571220,PHONE,+12312312312
1394755277,EMAIL,domain@name.surname
1394755277,CREDIT,0000 0000 0000 0000
1394755277,PHONE,+12312312312
5968704837,EMAIL,domain@name.surname
5968704837,CREDIT,0000 0000 0000 0000
5968704837,PHONE,+12312312312
5235431332,EMAIL,domain@name.surname
5235431332,CREDIT,0000 0000 0000 0000
5235431332,PHONE,+12312312312
4897181875,EMAIL,domain@name.surname
4897181875,CREDIT,0000 0000 0000 0000
4897181875,PHONE,+12312312312
5188012717,EMAIL,domain@name.surname
5188012717,CREDIT,0000 0000 0000 0000
5188012717,PHONE,+12312312312
0172276635,EMAIL,domain@name.surname
0172276635,CREDIT,0000 0000 0000 0000
0172276635,PHONE,+12312312312
0008516877,EMAIL,domain@name.surname
0008516877,CREDIT,0000 0000 0000 0000
0008516877,PHONE,+12312312312
4345800312,EMAIL,domain@name.surname
4345800312,CREDIT,0000 0000 0000 0000
4345800312,PHONE,+12312312312
4927136767,EMAIL,domain@name.surname
4927136767,CREDIT,0000 0000 0000 0000
4927136767,PHONE,+12312312312
0142286313,EMAIL,domain@name.surname
0142286313,CREDIT,0000 0000 0000 0000
0142286313,PHONE,+12312312312
2997771994,EMAIL,domain@name.surname
2997771994,CREDIT,0000 0000 0000 0000
2997771994,PHONE,+12312312312
2249518029,EMAIL,domain@name.surname
2249518029,CREDIT,0000 0000 0000 0000
2249518029,PHONE,+12312312312
5513885648,EMAIL,domain@name.surname
5513885648,CREDIT,0000 0000 0000 0000
5513885648,PHONE,+12312312312
2742274753,EMAIL,domain@name.surname
2742274753,CREDIT,0000 0000 0000 0000
2742274753,PHONE,+12312312312
1293564943,EMAIL,domain@name.surname
1293564943,CREDIT,0000 0000 0000 0000
1293564943,PHONE,+12312312312
3793111392,EMAIL,domain@name.surname
3793111392,CREDIT,0000 0000 0000 0000
3793111392,PHONE,+12312312312
9349703818,EMAIL,domain@name.surname
9349703818,CREDIT,0000 0000 0000 0000
9349703818,PHONE,+12312312312
8277699709,EMAIL,domain@name.surname
8277699709,CREDIT,0000 0000 0000 0000
8277699709,PHONE,+12312312312
5778461709,EMAIL,domain@name.surname
5778461709,CREDIT,0000 0000 0000 0000
5778461709,PHONE,+12312312312
2809738907,EMAIL,domain@name.surname
2809738907,CREDIT,0000 0000 0000 0000
2809738907,PHONE,+12312312312
0732225800,EMAIL,domain@name.surname
0732225800,CREDIT,0000 0000 0000 0000
0732225800,PHONE,+12312312312
0050258697,EMAIL,domain@name.surname
0050258697,CREDIT,0000 0000 0000 0000
0050258697,PHONE,+12312312312
0294374890,EMAIL,domain@name.surname
0294374890,CREDIT,0000 0000 0000 0000
0294374890,PHONE,+12312312312
6156321922,EMAIL,domain@name.surname
6156321922,CREDIT,0000 0000 0000 0000
6156321922,PHONE,+12312312312
8650019404,EMAIL,domain@name.surname
8650019404,CREDIT,0000 0000 0000 0000
8650019404,PHONE,+12312312312
6509359809,EMAIL,domain@name.surname
6509359809,CREDIT,0000 0000 0000 0000
6509359809,PHONE,+12312312312
1161592195,EMAIL,domain@name.surname
1161592195,CREDIT,0000 0000 0000 0000
1161592195,PHONE,+12312312312
1534517733,EMAIL,domain@name.surname
1534517733,CREDIT,0000 0000 0000 0000
1534517733,PHONE,+12312312312
9458457149,EMAIL,domain@name.surname
9458457149,CREDIT,0000 0000 0000 0000
9458457149,PHONE,+12312312312
5789258012,EMAIL,domain@name.surname
5789258012,CREDIT,0000 0000 0000 0000
5789258012,PHONE,+12312312312
5194437338,EMAIL,domain@name.surname
5194437338,CREDIT,0000 0000 0000 0000
5194437338,PHONE,+12312312312
1077566553,EMAIL,domain@name.surname
1077566553,CREDIT,0000 0000 0000 0000
1077566553,PHONE,+12312312312
7513875727,EMAIL,domain@name.surname
7513875727,CREDIT,0000 0000 0000 0000
7513875727,PHONE,+12312312312
3023307830,EMAIL,domain@name.surname
3023307830,CREDIT,0000 0000 0000 0000
3023307830,PHONE,+12312312312
9403446414,EMAIL,domain@name.surname
9403446414,CREDIT,0000 0000 0000 0000
9403446414,PHONE,+12312312312
4481974262,EMAIL,domain@name.surname
4481974262,CREDIT,0000 0000 0000 0000
4481974262,PHONE,+12312312312
4907653845,EMAIL,domain@name.surname
4907653845,CREDIT,0000 0000 0000 0000
4907653845,PHONE,+12312312312
4581704198,EMAIL,domain@name.surname
4581704198,CREDIT,0000 0000 0000 0000
4581704198,PHONE,+12312312312
1793755315,EMAIL,domain@name.surname
1793755315,CREDIT,0000 0000 0000 0000
1793755315,PHONE,+12312312312
1635393658,EMAIL,domain@name.surname
1635393658,CREDIT,0000 0000 0000 0000
1635393658,PHONE,+12312312312
5934170619,EMAIL,domain@name.surname
5934170619,CREDIT,0000 0000 0000 0000
5934170619,PHONE,+12312312312
9415996863,EMAIL,domain@name.surname
9415996863,CREDIT,0000 0000 0000 0000
9415996863,PHONE,+12312312312
8886626213,EMAIL,domain@name.surname
8886626213,CREDIT,0000 0000 0000 0000
8886626213,PHONE,+12312312312
8614674586,EMAIL,domain@name.surname
8614674586,CREDIT,0000 0000 0000 0000
8614674586,PHONE,+12312312312
8685242820,EMAIL,domain@name.surname
8685242820,CREDIT,0000 0000 0000 0000
8685242820,PHONE,+12312312312
5715178848,EMAIL,domain@name.surname
5715178848,CREDIT,0000 0000 0000 0000
5715178848,PHONE,+12312312312
3628632817,EMAIL,domain@name.surname
3628632817,CREDIT,0000 0000 0000 0000
3628632817,PHONE,+12312312312
1839348462,EMAIL,domain@name.surname
1839348462,CREDIT,0000 0000 0000 0000
1839348462,PHONE,+12312312312
0008135558,EMAIL,domain@name.surname
0008135558,CREDIT,0000 0000 0000 0000
0008135558,PHONE,+12312312312
6711637643,EMAIL,domain@name.surname
6711637643,CREDIT,0000 0000 0000 0000
6711637643,PHONE,+12312312312
3216276778,EMAIL,domain@name.surname
3216276778,CREDIT,0000 0000 0000 0000
3216276778,PHONE,+12312312312
1195126809,EMAIL,domain@name.surname
1195126809,CREDIT,0000 0000 0000 0000
1195126809,PHONE,+12312312312
0975136353,EMAIL,domain@name.surname
0975136353,CREDIT,0000 0000 0000 0000
0975136353,PHONE,+12312312312
8597610622,EMAIL,domain@name.surname
8597610622,CREDIT,0000 0000 0000 0000
8597610622,PHONE,+12312312312
0106834898,EMAIL,domain@name.surname
0106834898,CREDIT,0000 0000 0000 0000
0106834898,PHONE,+12312312312
0234871504,EMAIL,domain@name.surname
0234871504,CREDIT,0000 0000 0000 0000
0234871504,PHONE,+12312312312
7611964023,EMAIL,domain@name.surname
7611964023,CREDIT,0000 0000 0000 0000
7611964023,PHONE,+12312312312
5793663056,EMAIL,domain@name.surname
5793663056,CREDIT,0000 0000 0000 0000
5793663056,PHONE,+12312312312
7382814213,EMAIL,domain@name.surname
7382814213,CREDIT,0000 0000 0000 0000
7382814213,PHONE,+12312312312
8247590210,EMAIL,domain@name.surname
8247590210,CREDIT,0000 0000 0000 0000
8247590210,PHONE,+12312312312
0604109789,EMAIL,domain@name.surname
0604109789,CREDIT,0000 0000 0000 0000
0604109789,PHONE,+12312312312
4878465067,EMAIL,domain@name.surname
4878465067,CREDIT,0000 0000 0000 0000
4878465067,PHONE,+12312312312
3983701413,EMAIL,domain@name.surname
3983701413,CREDIT,0000 0000 0000 0000
3983701413,PHONE,+12312312312
3916613920,EMAIL,domain@name.surname
3916613920,CREDIT,0000 0000 0000 0000
3916613920,PHONE,+12312312312
8731859773,EMAIL,domain@name.surname
8731859773,CREDIT,0000 0000 0000 0000
8731859773,PHONE,+12312312312
0782263655,EMAIL,domain@name.surname
0782263655,CREDIT,0000 0000 0000 0000
0782263655,PHONE,+12312312312
9085641710,EMAIL,domain@name.surname
9085641710,CREDIT,0000 0000 0000 0000
9085641710,PHONE,+12312312312
0339244337,EMAIL,domain@name.surname
0339244337,CREDIT,0000 0000 0000 0000
0339244337,PHONE,+12312312312
5766533952,EMAIL,domain@name.surname
5766533952,CREDIT,0000 0000 0000 0000
5766533952,PHONE,+12312312312
2938325550,EMAIL,domain@name.surname
2938325550,CREDIT,0000 0000 0000 0000
2938325550,PHONE,+12312312312
9938870839,EMAIL,domain@name.surname
9938870839,CREDIT,0000 0000 0000 0000
9938870839,PHONE,+12312312312
6427523630,EMAIL,domain@name.surname
6427523630,CREDIT,0000 0000 0000 0000
6427523630,PHONE,+12312312312
7637595195,EMAIL,domain@name.surname
7637595195,CREDIT,0000 0000 0000 0000
7637595195,PHONE,+12312312312
3313429463,EMAIL,domain@name.surname
3313429463,CREDIT,0000 0000 0000 0000
3313429463,PHONE,+12312312312
9969422195,EMAIL,domain@name.surname
9969422195,CREDIT,0000 0000 0000 0000
9969422195,PHONE,+12312312312
1062003342,EMAIL,domain@name.surname
1062003342,CREDIT,0000 0000 0000 0000
1062003342,PHONE,+12312312312
1455425318,EMAIL,domain@name.surname
1455425318,CREDIT,0000 0000 0000 0000
1455425318,PHONE,+12312312312
0561219329,EMAIL,domain@name.surname
0561219329,CREDIT,0000 0000 0000 0000
0561219329,PHONE,+12312312312
1157984057,EMAIL,domain@name.surname
1157984057,CREDIT,0000 0000 0000 0000
1157984057,PHONE,+12312312312
9873643814,EMAIL,domain@name.surname
9873643814,CREDIT,0000 0000 0000 0000
9873643814,PHONE,+12312312312
7896175371,EMAIL,domain@name.surname
7896175371,CREDIT,0000 0000 0000 0000
7896175371,PHONE,+12312312312
4292373377,EMAIL,domain@name.surname
4292373377,CREDIT,0000 0000 0000 0000
4292373377,PHONE,+12312312312
6465455210,EMAIL,domain@name.surname
6465455210,CREDIT,0000 0000 0000 0000
6465455210,PHONE,+12312312312
6546421335,EMAIL,domain@name.surname
6546421335,CREDIT,0000 0000 0000 0000
6546421335,PHONE,+12312312312
1486871692,EMAIL,domain@name.surname
1486871692,CREDIT,0000 0000 0000 0000
1486871692,PHONE,+12312312312
2792543707,EMAIL,domain@name.surname
2792543707,CREDIT,0000 0000 0000 0000
2792543707,PHONE,+12312312312
4647856863,EMAIL,domain@name.surname
4647856863,CREDIT,0000 0000 0000 0000
4647856863,PHONE,+12312312312
9849482843,EMAIL,domain@name.surname
9849482843,CREDIT,0000 0000 0000 0000
9849482843,PHONE,+12312312312
2657225340,EMAIL,domain@name.surname
2657225340,CREDIT,0000 0000 0000 0000
2657225340,PHONE,+12312312312
5988148598,EMAIL,domain@name.surname
5988148598,CREDIT,0000 0000 0000 0000
5988148598,PHONE,+12312312312
3012971514,EMAIL,domain@name.surname
3012971514,CREDIT,0000 0000 0000 0000
3012971514,PHONE,+12312312312
9325544092,EMAIL,domain@name.surname
9325544092,CREDIT,0000 0000 0000 0000
9325544092,PHONE,+12312312312
2570756213,EMAIL,domain@name.surname
2570756213,CREDIT,0000 0000 0000 0000
2570756213,PHONE,+12312312312
5089071489,EMAIL,domain@name.surname
5089071489,CREDIT,0000 0000 0000 0000
5089071489,PHONE,+12312312312
0314048033,EMAIL,domain@name.surname
0314048033,CREDIT,0000 0000 0000 0000
0314048033,PHONE,+12312312312
4631692059,EMAIL,domain@name.surname
4631692059,CREDIT,0000 0000 0000 0000
4631692059,PHONE,+12312312312
7327135181,EMAIL,domain@name.surname
7327135181,CREDIT,0000 0000 0000 0000
7327135181,PHONE,+12312312312
5931511426,EMAIL,domain@name.surname
5931511426,CREDIT,0000 0000 0000 0000
5931511426,PHONE,+12312312312
1992551354,EMAIL,domain@name.surname
1992551354,CREDIT,0000 0000 0000 0000
1992551354,PHONE,+12312312312
7193167060,EMAIL,domain@name.surname
7193167060,CREDIT,0000 0000 0000 0000
7193167060,PHONE,+12312312312
3107713579,EMAIL,domain@name.surname
3107713579,CREDIT,0000 0000 0000 0000
3107713579,PHONE,+12312312312
9230710617,EMAIL,domain@name.surname
9230710617,CREDIT,0000 0000 0000 0000
9230710617,PHONE,+12312312312
1938958127,EMAIL,domain@name.surname
1938958127,CREDIT,0000 0000 0000 0000
1938958127,PHONE,+12312312312
1487434625,EMAIL,domain@name.surname
1487434625,CREDIT,0000 0000 0000 0000
1487434625,PHONE,+12312312312
2715588828,EMAIL,domain@name.surname
2715588828,CREDIT,0000 0000 0000 0000
2715588828,PHONE,+12312312312
7316735588,EMAIL,domain@name.surname
7316735588,CREDIT,0000 0000 0000 0000
7316735588,PHONE,+12312312312
3931428507,EMAIL,domain@name.surname
3931428507,CREDIT,0000 0000 0000 0000
3931428507,PHONE,+12312312312
7664572029,EMAIL,domain@name.surname
7664572029,CREDIT,0000 0000 0000 0000
7664572029,PHONE,+12312312312
6881907331,EMAIL,domain@name.surname
6881907331,CREDIT,0000 0000 0000 0000
6881907331,PHONE,+12312312312
5408178697,EMAIL,domain@name.surname
5408178697,CREDIT,0000 0000 0000 0000
5408178697,PHONE,+12312312312
0816801155,EMAIL,domain@name.surname
0816801155,CREDIT,0000 0000 0000 0000
0816801155,PHONE,+12312312312
3228407067,EMAIL,domain@name.surname
3228407067,CREDIT,0000 0000 0000 0000
3228407067,PHONE,+12312312312
3626676024,EMAIL,domain@name.surname
3626676024,CREDIT,0000 0000 0000 0000
3626676024,PHONE,+12312312312
0296357874,EMAIL,domain@name.surname
0296357874,CREDIT,0000 0000 0000 0000
0296357874,PHONE,+12312312312
7529209130,EMAIL,domain@name.surname
7529209130,CREDIT,0000 0000 0000 0000
7529209130,PHONE,+12312312312
4181697935,EMAIL,domain@name.surname
4181697935,CREDIT,0000 0000 0000 0000
4181697935,PHONE,+12312312312
8292308216,EMAIL,domain@name.surname
8292308216,CREDIT,0000 0000 0000 0000
8292308216,PHONE,+12312312312
2665388210,EMAIL,domain@name.surname
2665388210,CREDIT,0000 0000 0000 0000
2665388210,PHONE,+12312312312
4808332395,EMAIL,domain@name.surname
4808332395,CREDIT,0000 0000 0000 0000
4808332395,PHONE,+12312312312
9537973534,EMAIL,domain@name.surname
9537973534,CREDIT,0000 0000 0000 0000
9537973534,PHONE,+12312312312
5557488444,EMAIL,domain@name.surname
5557488444,CREDIT,0000 0000 0000 0000
5557488444,PHONE,+12312312312
9200419386,EMAIL,domain@name.surname
9200419386,CREDIT,0000 0000 0000 0000
9200419386,PHONE,+12312312312
7262420167,EMAIL,domain@name.surname
7262420167,CREDIT,0000 0000 0000 0000
7262420167,PHONE,+12312312312
4914484787,EMAIL,domain@name.surname
4914484787,CREDIT,0000 0000 0000 0000
4914484787,PHONE,+12312312312
0549409851,EMAIL,domain@name.surname
0549409851,CREDIT,0000 0000 0000 0000
0549409851,PHONE,+12312312312
9752006870,EMAIL,domain@name.surname
9752006870,CREDIT,0000 0000 0000 0000
9752006870,PHONE,+12312312312
3523963621,EMAIL,domain@name.surname
3523963621,CREDIT,0000 0000 0000 0000
3523963621,PHONE,+12312312312
1528988955,EMAIL,domain@name.surname
1528988955,CREDIT,0000 0000 0000 0000
1528988955,PHONE,+12312312312
1826969293,EMAIL,domain@name.surname
1826969293,CREDIT,0000 0000 0000 0000
1826969293,PHONE,+12312312312
2499365000,EMAIL,domain@name.surname
2499365000,CREDIT,0000 0000 0000 0000
2499365000,PHONE,+12312312312
3668271689,EMAIL,domain@name.surname
3668271689,CREDIT,0000 0000 0000 0000
3668271689,PHONE,+12312312312
1452635549,EMAIL,domain@name.surname
1452635549,CREDIT,0000 0000 0000 0000
1452635549,PHONE,+12312312312
5125013580,EMAIL,domain@name.surname
5125013580,CREDIT,0000 0000 0000 0000
5125013580,PHONE,+12312312312
7119852880,EMAIL,domain@name.surname
7119852880,CREDIT,0000 0000 0000 0000
7119852880,PHONE,+12312312312
3212418582,EMAIL,domain@name.surname
3212418582,CREDIT,0000 0000 0000 0000
3212418582,PHONE,+12312312312
5479604174,EMAIL,domain@name.surname
5479604174,CREDIT,0000 0000 0000 0000
5479604174,PHONE,+12312312312
9774959041,EMAIL,domain@name.surname
9774959041,CREDIT,0000 0000 0000 0000
9774959041,PHONE,+12312312312
3194822415,EMAIL,domain@name.surname
3194822415,CREDIT,0000 0000 0000 0000
3194822415,PHONE,+12312312312
7950158381,EMAIL,domain@name.surname
7950158381,CREDIT,0000 0000 0000 0000
7950158381,PHONE,+12312312312
1544988272,EMAIL,domain@name.surname
1544988272,CREDIT,0000 0000 0000 0000
1544988272,PHONE,+12312312312
9113652854,EMAIL,domain@name.surname
9113652854,CREDIT,0000 0000 0000 0000
9113652854,PHONE,+12312312312
8750409298,EMAIL,domain@name.surname
8750409298,CREDIT,0000 0000 0000 0000
8750409298,PHONE,+12312312312
2822986143,EMAIL,domain@name.surname
2822986143,CREDIT,0000 0000 0000 0000
2822986143,PHONE,+12312312312
3387063879,EMAIL,domain@name.surname
3387063879,CREDIT,0000 0000 0000 0000
3387063879,PHONE,+12312312312
1546766521,EMAIL,domain@name.surname
1546766521,CREDIT,0000 0000 0000 0000
1546766521,PHONE,+12312312312
8607464375,EMAIL,domain@name.surname
8607464375,CREDIT,0000 0000 0000 0000
8607464375,PHONE,+12312312312
8109672012,EMAIL,domain@name.surname
8109672012,CREDIT,0000 0000 0000 0000
8109672012,PHONE,+12312312312
7663098993,EMAIL,domain@name.surname
7663098993,CREDIT,0000 0000 0000 0000
7663098993,PHONE,+12312312312
7094666762,EMAIL,domain@name.surname
7094666762,CREDIT,0000 0000 0000 0000
7094666762,PHONE,+12312312312
2676834501,EMAIL,domain@name.surname
2676834501,CREDIT,0000 0000 0000 0000
2676834501,PHONE,+12312312312
5201174804,EMAIL,domain@name.surname
5201174804,CREDIT,0000 0000 0000 0000
5201174804,PHONE,+12312312312
9321709809,EMAIL,domain@name.surname
9321709809,CREDIT,0000 0000 0000 0000
9321709809,PHONE,+12312312312
7006078438,EMAIL,domain@name.surname
7006078438,CREDIT,0000 0000 0000 0000
7006078438,PHONE,+12312312312
9915984048,EMAIL,domain@name.surname
9915984048,CREDIT,0000 0000 0000 0000
9915984048,PHONE,+12312312312
6315531899,EMAIL,domain@name.surname
6315531899,CREDIT,0000 0000 0000 0000
6315531899,PHONE,+12312312312
3597615660,EMAIL,domain@name.surname
3597615660,CREDIT,0000 0000 0000 0000
3597615660,PHONE,+12312312312
1132850783,EMAIL,domain@name.surname
1132850783,CREDIT,0000 0000 0000 0000
1132850783,PHONE,+12312312312
7375448776,EMAIL,domain@name.surname
7375448776,CREDIT,0000 0000 0000 0000
7375448776,PHONE,+12312312312
7038582820,EMAIL,domain@name.surname
7038582820,CREDIT,0000 0000 0000 0000
7038582820,PHONE,+12312312312
1382735796,EMAIL,domain@name.surname
1382735796,CREDIT,0000 0000 0000 0000
1382735796,PHONE,+12312312312
6975420361,EMAIL,domain@name.surname
6975420361,CREDIT,0000 0000 0000 0000
6975420361,PHONE,+12312312312
6822496532,EMAIL,domain@name.surname
6822496532,CREDIT,0000 0000 0000 0000
6822496532,PHONE,+12312312312
2435161966,EMAIL,domain@name.surname
2435161966,CREDIT,0000 0000 0000 0000
2435161966,PHONE,+12312312312
0130937037,EMAIL,domain@name.surname
0130937037,CREDIT,0000 0000 0000 0000
0130937037,PHONE,+12312312312
2505697155,EMAIL,domain@name.surname
2505697155,CREDIT,0000 0000 0000 0000
2505697155,PHONE,+12312312312
7145961276,EMAIL,domain@name.surname
7145961276,CREDIT,0000 0000 0000 0000
7145961276,PHONE,+12312312312
8806833241,EMAIL,domain@name.surname
8806833241,CREDIT,0000 0000 0000 0000
8806833241,PHONE,+12312312312
9985928961,EMAIL,domain@name.surname
9985928961,CREDIT,0000 0000 0000 0000
9985928961,PHONE,+12312312312
4664197786,EMAIL,domain@name.surname
4664197786,CREDIT,0000 0000 0000 0000
4664197786,PHONE,+12312312312
0189681688,EMAIL,domain@name.surname
0189681688,CREDIT,0000 0000 0000 0000
0189681688,PHONE,+12312312312
2724422329,EMAIL,domain@name.surname
2724422329,CREDIT,0000 0000 0000 0000
2724422329,PHONE,+12312312312
1728502944,EMAIL,domain@name.surname
1728502944,CREDIT,0000 0000 0000 0000
1728502944,PHONE,+12312312312
2851831512,EMAIL,domain@name.surname
2851831512,CREDIT,0000 0000 0000 0000
2851831512,PHONE,+12312312312
6335471929,EMAIL,domain@name.surname
6335471929,CREDIT,0000 0000 0000 0000
6335471929,PHONE,+12312312312
5014971943,EMAIL,domain@name.surname
5014971943,CREDIT,0000 0000 0000 0000
5014971943,PHONE,+12312312312
0265012919,EMAIL,domain@name.surname
0265012919,CREDIT,0000 0000 0000 0000
0265012919,PHONE,+12312312312
4986466888,EMAIL,domain@name.surname
4986466888,CREDIT,0000 0000 0000 0000
4986466888,PHONE,+12312312312
8428408798,EMAIL,domain@name.surname
8428408798,CREDIT,0000 0000 0000 0000
8428408798,PHONE,+12312312312
5506900180,EMAIL,domain@name.surname
5506900180,CREDIT,0000 0000 0000 0000
5506900180,PHONE,+12312312312
6526132400,EMAIL,domain@name.surname
6526132400,CREDIT,0000 0000 0000 0000
6526132400,PHONE,+12312312312
5831097838,EMAIL,domain@name.surname
5831097838,CREDIT,0000 0000 0000 0000
5831097838,PHONE,+12312312312
7294946153,EMAIL,domain@name.surname
7294946153,CREDIT,0000 0000 0000 0000
7294946153,PHONE,+12312312312
3723959867,EMAIL,domain@name.surname
3723959867,CREDIT,0000 0000 0000 0000
3723959867,PHONE,+12312312312
2751783433,EMAIL,domain@name.surname
2751783433,CREDIT,0000 0000 0000 0000
2751783433,PHONE,+12312312312
0052042034,EMAIL,domain@name.surname
0052042034,CREDIT,0000 0000 0000 0000
0052042034,PHONE,+12312312312
3187705528,EMAIL,domain@name.surname
3187705528,CREDIT,0000 0000 0000 0000
3187705528,PHONE,+12312312312
1454094396,EMAIL,domain@name.surname
1454094396,CREDIT,0000 0000 0000 0000
1454094396,PHONE,+12312312312
2633167441,EMAIL,domain@name.surname
2633167441,CREDIT,0000 0000 0000 0000
2633167441,PHONE,+12312312312
9437510989,EMAIL,domain@name.surname
9437510989,CREDIT,0000 0000 0000 0000
9437510989,PHONE,+12312312312
1564702574,EMAIL,domain@name.surname
1564702574,CREDIT,0000 0000 0000 0000
1564702574,PHONE,+12312312312
8331731338,EMAIL,domain@name.surname
8331731338,CREDIT,0000 0000 0000 0000
8331731338,PHONE,+12312312312
8875468429,EMAIL,domain@name.surname
8875468429,CREDIT,0000 0000 0000 0000
8875468429,PHONE,+12312312312
6116301662,EMAIL,domain@name.surname
6116301662,CREDIT,0000 0000 0000 0000
6116301662,PHONE,+12312312312
5325533929,EMAIL,domain@name.surname
5325533929,CREDIT,0000 0000 0000 0000
5325533929,PHONE,+12312312312
6413945751,EMAIL,domain@name.surname
6413945751,CREDIT,0000 0000 0000 0000
6413945751,PHONE,+12312312312
9959973366,EMAIL,domain@name.surname
9959973366,CREDIT,0000 0000 0000 0000
9959973366,PHONE,+12312312312
4473732327,EMAIL,domain@name.surname
4473732327,CREDIT,0000 0000 0000 0000
4473732327,PHONE,+12312312312
1016988655,EMAIL,domain@name.surname
1016988655,CREDIT,0000 0000 0000 0000
1016988655,PHONE,+12312312312
0040181108,EMAIL,domain@name.surname
0040181108,CREDIT,0000 0000 0000 0000
0040181108,PHONE,+12312312312
6485752295,EMAIL,domain@name.surname
6485752295,CREDIT,0000 0000 0000 0000
6485752295,PHONE,+12312312312
2846457502,EMAIL,domain@name.surname
2846457502,CREDIT,0000 0000 0000 0000
2846457502,PHONE,+12312312312
4991186346,EMAIL,domain@name.surname
4991186346,CREDIT,0000 0000 0000 0000
4991186346,PHONE,+12312312312
3823362386,EMAIL,domain@name.surname
3823362386,CREDIT,0000 0000 0000 0000
3823362386,PHONE,+12312312312
9371365856,EMAIL,domain@name.surname
9371365856,CREDIT,0000 0000 0000 0000
9371365856,PHONE,+12312312312
8007448915,EMAIL,domain@name.surname
8007448915,CREDIT,0000 0000 0000 0000
8007448915,PHONE,+12312312312
0627077467,EMAIL,domain@name.surname
0627077467,CREDIT,0000 0000 0000 0000
0627077467,PHONE,+12312312312
4217781179,EMAIL,domain@name.surname
4217781179,CREDIT,0000 0000 0000 0000
4217781179,PHONE,+12312312312
4170449260,EMAIL,domain@name.surname
4170449260,CREDIT,0000 0000 0000 0000
4170449260,PHONE,+12312312312
8870954242,EMAIL,domain@name.surname
8870954242,CREDIT,0000 0000 0000 0000
8870954242,PHONE,+12312312312
8939424897,EMAIL,domain@name.surname
8939424897,CREDIT,0000 0000 0000 0000
8939424897,PHONE,+12312312312
4219736488,EMAIL,domain@name.surname
4219736488,CREDIT,0000 0000 0000 0000
4219736488,PHONE,+12312312312
1777614952,EMAIL,domain@name.surname
1777614952,CREDIT,0000 0000 0000 0000
1777614952,PHONE,+12312312312
5670795038,EMAIL,domain@name.surname
5670795038,CREDIT,0000 0000 0000 0000
5670795038,PHONE,+12312312312
8849207293,EMAIL,domain@name.surname
8849207293,CREDIT,0000 0000 0000 0000
8849207293,PHONE,+12312312312
1391964385,EMAIL,domain@name.surname
1391964385,CREDIT,0000 0000 0000 0000
1391964385,PHONE,+12312312312
8329057391,EMAIL,domain@name.surname
8329057391,CREDIT,0000 0000 0000 0000
8329057391,PHONE,+12312312312
1746407825,EMAIL,domain@name.surname
1746407825,CREDIT,0000 0000 0000 0000
1746407825,PHONE,+12312312312
8106386788,EMAIL,domain@name.surname
8106386788,CREDIT,0000 0000 0000 0000
8106386788,PHONE,+12312312312
1340546230,EMAIL,domain@name.surname
1340546230,CREDIT,0000 0000 0000 0000
1340546230,PHONE,+12312312312
9729120750,EMAIL,domain@name.surname
9729120750,CREDIT,0000 0000 0000 0000
9729120750,PHONE,+12312312312
1919462661,EMAIL,domain@name.surname
1919462661,CREDIT,0000 0000 0000 0000
1919462661,PHONE,+12312312312
9491223774,EMAIL,domain@name.surname
9491223774,CREDIT,0000 0000 0000 0000
9491223774,PHONE,+12312312312
7150435515,EMAIL,domain@name.surname
7150435515,CREDIT,0000 0000 0000 0000
7150435515,PHONE,+12312312312
8654679990,EMAIL,domain@name.surname
8654679990,CREDIT,0000 0000 0000 0000
8654679990,PHONE,+12312312312
7261938862,EMAIL,domain@name.surname
7261938862,CREDIT,0000 0000 0000 0000
7261938862,PHONE,+12312312312
9612369373,EMAIL,domain@name.surname
9612369373,CREDIT,0000 0000 0000 0000
9612369373,PHONE,+12312312312
0104977320,EMAIL,domain@name.surname
0104977320,CREDIT,0000 0000 0000 0000
0104977320,PHONE,+12312312312
1806769784,EMAIL,domain@name.surname
1806769784,CREDIT,0000 0000 0000 0000
1806769784,PHONE,+12312312312
3818839682,EMAIL,domain@name.surname
3818839682,CREDIT,0000 0000 0000 0000
3818839682,PHONE,+12312312312
4502059512,EMAIL,domain@name.surname
4502059512,CREDIT,0000 0000 0000 0000
4502059512,PHONE,+12312312312
6211603119,EMAIL,domain@name.surname
6211603119,CREDIT,0000 0000 0000 0000
6211603119,PHONE,+12312312312
1676682989,EMAIL,domain@name.surname
1676682989,CREDIT,0000 0000 0000 0000
1676682989,PHONE,+12312312312
5291530870,EMAIL,domain@name.surname
5291530870,CREDIT,0000 0000 0000 0000
5291530870,PHONE,+12312312312
0329591543,EMAIL,domain@name.surname
0329591543,CREDIT,0000 0000 0000 0000
0329591543,PHONE,+12312312312
0574815655,EMAIL,domain@name.surname
0574815655,CREDIT,0000 0000 0000 0000
0574815655,PHONE,+12312312312
1366640515,EMAIL,domain@name.surname
1366640515,CREDIT,0000 0000 0000 0000
1366640515,PHONE,+12312312312
9279098681,EMAIL,domain@name.surname
9279098681,CREDIT,0000 0000 0000 0000
9279098681,PHONE,+12312312312
5366762425,EMAIL,domain@name.surname
5366762425,CREDIT,0000 0000 0000 0000
5366762425,PHONE,+12312312312
2051262295,EMAIL,domain@name.surname
2051262295,CREDIT,0000 0000 0000 0000
2051262295,PHONE,+12312312312
0066765581,EMAIL,domain@name.surname
0066765581,CREDIT,0000 0000 0000 0000
0066765581,PHONE,+12312312312
8951387457,EMAIL,domain@name.surname
8951387457,CREDIT,0000 0000 0000 0000
8951387457,PHONE,+12312312312
1156280053,EMAIL,domain@name.surname
1156280053,CREDIT,0000 0000 0000 0000
1156280053,PHONE,+12312312312
5873047341,EMAIL,domain@name.surname
5873047341,CREDIT,0000 0000 0000 0000
5873047341,PHONE,+12312312312
1978436943,EMAIL,domain@name.surname
1978436943,CREDIT,0000 0000 0000 0000
1978436943,PHONE,+12312312312
8193736954,EMAIL,domain@name.surname
8193736954,CREDIT,0000 0000 0000 0000
8193736954,PHONE,+12312312312
7782792847,EMAIL,domain@name.surname
7782792847,CREDIT,0000 0000 0000 0000
7782792847,PHONE,+12312312312
3464732834,EMAIL,domain@name.surname
3464732834,CREDIT,0000 0000 0000 0000
3464732834,PHONE,+12312312312
4570455295,EMAIL,domain@name.surname
4570455295,CREDIT,0000 0000 0000 0000
4570455295,PHONE,+12312312312
1770375166,EMAIL,domain@name.surname
1770375166,CREDIT,0000 0000 0000 0000
1770375166,PHONE,+12312312312
9040468402,EMAIL,domain@name.surname
9040468402,CREDIT,0000 0000 0000 0000
9040468402,PHONE,+12312312312
0730159601,EMAIL,domain@name.surname
0730159601,CREDIT,0000 0000 0000 0000
0730159601,PHONE,+12312312312
8657533144,EMAIL,domain@name.surname
8657533144,CREDIT,0000 0000 0000 0000
8657533144,PHONE,+12312312312
8526063761,EMAIL,domain@name.surname
8526063761,CREDIT,0000 0000 0000 0000
8526063761,PHONE,+12312312312
3127496321,EMAIL,domain@name.surname
3127496321,CREDIT,0000 0000 0000 0000
3127496321,PHONE,+12312312312
1639180983,EMAIL,domain@name.surname
1639180983,CREDIT,0000 0000 0000 0000
1639180983,PHONE,+12312312312
3337150031,EMAIL,domain@name.surname
3337150031,CREDIT,0000 0000 0000 0000
3337150031,PHONE,+12312312312
5644220907,EMAIL,domain@name.surname
5644220907,CREDIT,0000 0000 0000 0000
5644220907,PHONE,+12312312312
3312230734,EMAIL,domain@name.surname
3312230734,CREDIT,0000 0000 0000 0000
3312230734,PHONE,+12312312312
9566235782,EMAIL,domain@name.surname
9566235782,CREDIT,0000 0000 0000 0000
9566235782,PHONE,+12312312312
3262046700,EMAIL,domain@name.surname
3262046700,CREDIT,0000 0000 0000 0000
3262046700,PHONE,+12312312312
2614871634,EMAIL,domain@name.surname
2614871634,CREDIT,0000 0000 0000 0000
2614871634,PHONE,+12312312312
8956689095,EMAIL,domain@name.surname
8956689095,CREDIT,0000 0000 0000 0000
8956689095,PHONE,+12312312312
0044991358,EMAIL,domain@name.surname
0044991358,CREDIT,0000 0000 0000 0000
0044991358,PHONE,+12312312312
3854602508,EMAIL,domain@name.surname
3854602508,CREDIT,0000 0000 0000 0000
3854602508,PHONE,+12312312312
2387959138,EMAIL,domain@name.surname
2387959138,CREDIT,0000 0000 0000 0000
2387959138,PHONE,+12312312312
3768302708,EMAIL,domain@name.surname
3768302708,CREDIT,0000 0000 0000 0000
3768302708,PHONE,+12312312312
9670744709,EMAIL,domain@name.surname
9670744709,CREDIT,0000 0000 0000 0000
9670744709,PHONE,+12312312312
6363760740,EMAIL,domain@name.surname
6363760740,CREDIT,0000 0000 0000 0000
6363760740,PHONE,+12312312312
0483505168,EMAIL,domain@name.surname
0483505168,CREDIT,0000 0000 0000 0000
0483505168,PHONE,+12312312312
8862781604,EMAIL,domain@name.surname
8862781604,CREDIT,0000 0000 0000 0000
8862781604,PHONE,+12312312312
9747546311,EMAIL,domain@name.surname
9747546311,CREDIT,0000 0000 0000 0000
9747546311,PHONE,+12312312312
2051067384,EMAIL,domain@name.surname
2051067384,CREDIT,0000 0000 0000 0000
2051067384,PHONE,+12312312312
8123280512,EMAIL,domain@name.surname
8123280512,CREDIT,0000 0000 0000 0000
8123280512,PHONE,+12312312312
8153032165,EMAIL,domain@name.surname
8153032165,CREDIT,0000 0000 0000 0000
8153032165,PHONE,+12312312312
1681288913,EMAIL,domain@name.surname
1681288913,CREDIT,0000 0000 0000 0000
1681288913,PHONE,+12312312312
4684937629,EMAIL,domain@name.surname
4684937629,CREDIT,0000 0000 0000 0000
4684937629,PHONE,+12312312312
4655930047,EMAIL,domain@name.surname
4655930047,CREDIT,0000 0000 0000 0000
4655930047,PHONE,+12312312312
6872655410,EMAIL,domain@name.surname
6872655410,CREDIT,0000 0000 0000 0000
6872655410,PHONE,+12312312312
8378592241,EMAIL,domain@name.surname
8378592241,CREDIT,0000 0000 0000 0000
8378592241,PHONE,+12312312312
9102343341,EMAIL,domain@name.surname
9102343341,CREDIT,0000 0000 0000 0000
9102343341,PHONE,+12312312312
8207670995,EMAIL,domain@name.surname
8207670995,CREDIT,0000 0000 0000 0000
8207670995,PHONE,+12312312312
4093193622,EMAIL,domain@name.surname
4093193622,CREDIT,0000 0000 0000 0000
4093193622,PHONE,+12312312312
0063093108,EMAIL,domain@name.surname
0063093108,CREDIT,0000 0000 0000 0000
0063093108,PHONE,+12312312312
3416521417,EMAIL,domain@name.surname
3416521417,CREDIT,0000 0000 0000 0000
3416521417,PHONE,+12312312312
9061963387,EMAIL,domain@name.surname
9061963387,CREDIT,0000 0000 0000 0000
9061963387,PHONE,+12312312312
1780670631,EMAIL,domain@name.surname
1780670631,CREDIT,0000 0000 0000 0000
1780670631,PHONE,+12312312312
3820865391,EMAIL,domain@name.surname
3820865391,CREDIT,0000 0000 0000 0000
3820865391,PHONE,+12312312312
2400037687,EMAIL,domain@name.surname
2400037687,CREDIT,0000 0000 0000 0000
2400037687,PHONE,+12312312312
6816518618,EMAIL,domain@name.surname
6816518618,CREDIT,0000 0000 0000 0000
6816518618,PHONE,+12312312312
9683958519,EMAIL,domain@name.surname
9683958519,CREDIT,0000 0000 0000 0000
9683958519,PHONE,+12312312312
6823942271,EMAIL,domain@name.surname
6823942271,CREDIT,0000 0000 0000 0000
6823942271,PHONE,+12312312312
8288222735,EMAIL,domain@name.surname
8288222735,CREDIT,0000 0000 0000 0000
8288222735,PHONE,+12312312312
8410508786,EMAIL,domain@name.surname
8410508786,CREDIT,0000 0000 0000 0000
8410508786,PHONE,+12312312312
2953237434,EMAIL,domain@name.surname
2953237434,CREDIT,0000 0000 0000 0000
2953237434,PHONE,+12312312312
8237257627,EMAIL,domain@name.surname
8237257627,CREDIT,0000 0000 0000 0000
8237257627,PHONE,+12312312312
6147010376,EMAIL,domain@name.surname
6147010376,CREDIT,0000 0000 0000 0000
6147010376,PHONE,+12312312312
5432952093,EMAIL,domain@name.surname
5432952093,CREDIT,0000 0000 0000 0000
5432952093,PHONE,+12312312312
7898000402,EMAIL,domain@name.surname
7898000402,CREDIT,0000 0000 0000 0000
7898000402,PHONE,+12312312312
4869841527,EMAIL,domain@name.surname
4869841527,CREDIT,0000 0000 0000 0000
4869841527,PHONE,+12312312312
6656033370,EMAIL,domain@name.surname
6656033370,CREDIT,0000 0000 0000 0000
6656033370,PHONE,+12312312312
4680296578,EMAIL,domain@name.surname
4680296578,CREDIT,0000 0000 0000 0000
4680296578,PHONE,+12312312312
2535403601,EMAIL,domain@name.surname
2535403601,CREDIT,0000 0000 0000 0000
2535403601,PHONE,+12312312312
4232444881,EMAIL,domain@name.surname
4232444881,CREDIT,0000 0000 0000 0000
4232444881,PHONE,+12312312312
1564179038,EMAIL,domain@name.surname
1564179038,CREDIT,0000 0000 0000 0000
1564179038,PHONE,+12312312312
0192581392,EMAIL,domain@name.surname
0192581392,CREDIT,0000 0000 0000 0000
0192581392,PHONE,+12312312312
5088980545,EMAIL,domain@name.surname
5088980545,CREDIT,0000 0000 0000 0000
5088980545,PHONE,+12312312312
1339353513,EMAIL,domain@name.surname
1339353513,CREDIT,0000 0000 0000 0000
1339353513,PHONE,+12312312312
0004925112,EMAIL,domain@name.surname
0004925112,CREDIT,0000 0000 0000 0000
0004925112,PHONE,+12312312312
0710252950,EMAIL,domain@name.surname
0710252950,CREDIT,0000 0000 0000 0000
0710252950,PHONE,+12312312312
6297953904,EMAIL,domain@name.surname
6297953904,CREDIT,0000 0000 0000 0000
6297953904,PHONE,+12312312312
3965678345,EMAIL,domain@name.surname
3965678345,CREDIT,0000 0000 0000 0000
3965678345,PHONE,+12312312312
3480404765,EMAIL,domain@name.surname
3480404765,CREDIT,0000 0000 0000 0000
3480404765,PHONE,+12312312312
6156145004,EMAIL,domain@name.surname
6156145004,CREDIT,0000 0000 0000 0000
6156145004,PHONE,+12312312312
7228228675,EMAIL,domain@name.surname
7228228675,CREDIT,0000 0000 0000 0000
7228228675,PHONE,+12312312312
1191008852,EMAIL,domain@name.surname
1191008852,CREDIT,0000 0000 0000 0000
1191008852,PHONE,+12312312312
9057249180,EMAIL,domain@name.surname
9057249180,CREDIT,0000 0000 0000 0000
9057249180,PHONE,+12312312312
2395444768,EMAIL,domain@name.surname
2395444768,CREDIT,0000 0000 0000 0000
2395444768,PHONE,+12312312312
1304120083,EMAIL,domain@name.surname
1304120083,CREDIT,0000 0000 0000 0000
1304120083,PHONE,+12312312312
3712879177,EMAIL,domain@name.surname
3712879177,CREDIT,0000 0000 0000 0000
3712879177,PHONE,+12312312312
3334525938,EMAIL,domain@name.surname
3334525938,CREDIT,0000 0000 0000 0000
3334525938,PHONE,+12312312312
3661797772,EMAIL,domain@name.surname
3661797772,CREDIT,0000 0000 0000 0000
3661797772,PHONE,+12312312312
5742529912,EMAIL,domain@name.surname
5742529912,CREDIT,0000 0000 0000 0000
5742529912,PHONE,+12312312312
9451724146,EMAIL,domain@name.surname
9451724146,CREDIT,0000 0000 0000 0000
9451724146,PHONE,+12312312312
1875496433,EMAIL,domain@name.surname
1875496433,CREDIT,0000 0000 0000 0000
1875496433,PHONE,+12312312312
2493470876,EMAIL,domain@name.surname
2493470876,CREDIT,0000 0000 0000 0000
2493470876,PHONE,+12312312312
5664485260,EMAIL,domain@name.surname
5664485260,CREDIT,0000 0000 0000 0000
5664485260,PHONE,+12312312312
5337793725,EMAIL,domain@name.surname
5337793725,CREDIT,0000 0000 0000 0000
5337793725,PHONE,+12312312312
7237137774,EMAIL,domain@name.surname
7237137774,CREDIT,0000 0000 0000 0000
7237137774,PHONE,+12312312312
0398458756,EMAIL,domain@name.surname
0398458756,CREDIT,0000 0000 0000 0000
0398458756,PHONE,+12312312312
4356217069,EMAIL,domain@name.surname
4356217069,CREDIT,0000 0000 0000 0000
4356217069,PHONE,+12312312312
2465051071,EMAIL,domain@name.surname
2465051071,CREDIT,0000 0000 0000 0000
2465051071,PHONE,+12312312312
0018487277,EMAIL,domain@name.surname
0018487277,CREDIT,0000 0000 0000 0000
0018487277,PHONE,+12312312312
6404973353,EMAIL,domain@name.surname
6404973353,CREDIT,0000 0000 0000 0000
6404973353,PHONE,+12312312312
0147796996,EMAIL,domain@name.surname
0147796996,CREDIT,0000 0000 0000 0000
0147796996,PHONE,+12312312312
1934739687,EMAIL,domain@name.surname
1934739687,CREDIT,0000 0000 0000 0000
1934739687,PHONE,+12312312312
3161725460,EMAIL,domain@name.surname
3161725460,CREDIT,0000 0000 0000 0000
3161725460,PHONE,+12312312312
2801192207,EMAIL,domain@name.surname
2801192207,CREDIT,0000 0000 0000 0000
2801192207,PHONE,+12312312312
3589052794,EMAIL,domain@name.surname
3589052794,CREDIT,0000 0000 0000 0000
3589052794,PHONE,+12312312312
6658284899,EMAIL,domain@name.surname
6658284899,CREDIT,0000 0000 0000 0000
6658284899,PHONE,+12312312312
1692724472,EMAIL,domain@name.surname
1692724472,CREDIT,0000 0000 0000 0000
1692724472,PHONE,+12312312312
2775185465,EMAIL,domain@name.surname
2775185465,CREDIT,0000 0000 0000 0000
2775185465,PHONE,+12312312312
9840777643,EMAIL,domain@name.surname
9840777643,CREDIT,0000 0000 0000 0000
9840777643,PHONE,+12312312312
8459329697,EMAIL,domain@name.surname
8459329697,CREDIT,0000 0000 0000 0000
8459329697,PHONE,+12312312312
0521815028,EMAIL,domain@name.surname
0521815028,CREDIT,0000 0000 0000 0000
0521815028,PHONE,+12312312312
6385002975,EMAIL,domain@name.surname
6385002975,CREDIT,0000 0000 0000 0000
6385002975,PHONE,+12312312312
2359641999,EMAIL,domain@name.surname
2359641999,CREDIT,0000 0000 0000 0000
2359641999,PHONE,+12312312312
5028534646,EMAIL,domain@name.surname
5028534646,CREDIT,0000 0000 0000 0000
5028534646,PHONE,+12312312312
3680899885,EMAIL,domain@name.surname
3680899885,CREDIT,0000 0000 0000 0000
3680899885,PHONE,+12312312312
9138888571,EMAIL,domain@name.surname
9138888571,CREDIT,0000 0000 0000 0000
9138888571,PHONE,+12312312312
9634451540,EMAIL,domain@name.surname
9634451540,CREDIT,0000 0000 0000 0000
9634451540,PHONE,+12312312312
9429140951,EMAIL,domain@name.surname
9429140951,CREDIT,0000 0000 0000 0000
9429140951,PHONE,+12312312312
1435291262,EMAIL,domain@name.surname
1435291262,CREDIT,0000 0000 0000 0000
1435291262,PHONE,+12312312312
9160296927,EMAIL,domain@name.surname
9160296927,CREDIT,0000 0000 0000 0000
9160296927,PHONE,+12312312312
4063664790,EMAIL,domain@name.surname
4063664790,CREDIT,0000 0000 0000 0000
4063664790,PHONE,+12312312312
7714411673,EMAIL,domain@name.surname
7714411673,CREDIT,0000 0000 0000 0000
7714411673,PHONE,+12312312312
2723772256,EMAIL,domain@name.surname
2723772256,CREDIT,0000 0000 0000 0000
2723772256,PHONE,+12312312312
1521553995,EMAIL,domain@name.surname
1521553995,CREDIT,0000 0000 0000 0000
1521553995,PHONE,+12312312312
6631794279,EMAIL,domain@name.surname
6631794279,CREDIT,0000 0000 0000 0000
6631794279,PHONE,+12312312312
2048961577,EMAIL,domain@name.surname
2048961577,CREDIT,0000 0000 0000 0000
2048961577,PHONE,+12312312312
4287452272,EMAIL,domain@name.surname
4287452272,CREDIT,0000 0000 0000 0000
4287452272,PHONE,+12312312312
5240709568,EMAIL,domain@name.surname
5240709568,CREDIT,0000 0000 0000 0000
5240709568,PHONE,+12312312312
6408345017,EMAIL,domain@name.surname
6408345017,CREDIT,0000 0000 0000 0000
6408345017,PHONE,+12312312312
9012349906,EMAIL,domain@name.surname
9012349906,CREDIT,0000 0000 0000 0000
9012349906,PHONE,+12312312312
5024579631,EMAIL,domain@name.surname
5024579631,CREDIT,0000 0000 0000 0000
5024579631,PHONE,+12312312312
3497058657,EMAIL,domain@name.surname
3497058657,CREDIT,0000 0000 0000 0000
3497058657,PHONE,+12312312312
0154116296,EMAIL,domain@name.surname
0154116296,CREDIT,0000 0000 0000 0000
0154116296,PHONE,+12312312312
0749175985,EMAIL,domain@name.surname
0749175985,CREDIT,0000 0000 0000 0000
0749175985,PHONE,+12312312312
2649639929,EMAIL,domain@name.surname
2649639929,CREDIT,0000 0000 0000 0000
2649639929,PHONE,+12312312312
1525139807,EMAIL,domain@name.surname
1525139807,CREDIT,0000 0000 0000 0000
1525139807,PHONE,+12312312312
0782540927,EMAIL,domain@name.surname
0782540927,CREDIT,0000 0000 0000 0000
0782540927,PHONE,+12312312312
5523157170,EMAIL,domain@name.surname
5523157170,CREDIT,0000 0000 0000 0000
5523157170,PHONE,+12312312312
6189931817,EMAIL,domain@name.surname
6189931817,CREDIT,0000 0000 0000 0000
6189931817,PHONE,+12312312312
1901215816,EMAIL,domain@name.surname
1901215816,CREDIT,0000 0000 0000 0000
1901215816,PHONE,+12312312312
7220264962,EMAIL,domain@name.surname
7220264962,CREDIT,0000 0000 0000 0000
7220264962,PHONE,+12312312312
1738766886,EMAIL,domain@name.surname
1738766886,CREDIT,0000 0000 0000 0000
1738766886,PHONE,+12312312312
3151213308,EMAIL,domain@name.surname
3151213308,CREDIT,0000 0000 0000 0000
3151213308,PHONE,+12312312312
7600626445,EMAIL,domain@name.surname
7600626445,CREDIT,0000 0000 0000 0000
7600626445,PHONE,+12312312312
9321916487,EMAIL,domain@name.surname
9321916487,CREDIT,0000 0000 0000 0000
9321916487,PHONE,+12312312312
7484044748,EMAIL,domain@name.surname
7484044748,CREDIT,0000 0000 0000 0000
7484044748,PHONE,+12312312312
7141069949,EMAIL,domain@name.surname
7141069949,CREDIT,0000 0000 0000 0000
7141069949,PHONE,+12312312312
8394596271,EMAIL,domain@name.surname
8394596271,CREDIT,0000 0000 0000 0000
8394596271,PHONE,+12312312312
0973667280,EMAIL,domain@name.surname
0973667280,CREDIT,0000 0000 0000 0000
0973667280,PHONE,+12312312312
4680799664,EMAIL,domain@name.surname
4680799664,CREDIT,0000 0000 0000 0000
4680799664,PHONE,+12312312312
3815581214,EMAIL,domain@name.surname
3815581214,CREDIT,0000 0000 0000 0000
3815581214,PHONE,+12312312312
9520559552,EMAIL,domain@name.surname
9520559552,CREDIT,0000 0000 0000 0000
9520559552,PHONE,+12312312312
9329771472,EMAIL,domain@name.surname
9329771472,CREDIT,0000 0000 0000 0000
9329771472,PHONE,+12312312312
5910759355,EMAIL,domain@name.surname
5910759355,CREDIT,0000 0000 0000 0000
5910759355,PHONE,+12312312312
2872044241,EMAIL,domain@name.surname
2872044241,CREDIT,0000 0000 0000 0000
2872044241,PHONE,+12312312312
1244569585,EMAIL,domain@name.surname
1244569585,CREDIT,0000 0000 0000 0000
1244569585,PHONE,+12312312312
2857217777,EMAIL,domain@name.surname
2857217777,CREDIT,0000 0000 0000 0000
2857217777,PHONE,+12312312312
2879464352,EMAIL,domain@name.surname
2879464352,CREDIT,0000 0000 0000 0000
2879464352,PHONE,+12312312312
0688377595,EMAIL,domain@name.surname
0688377595,CREDIT,0000 0000 0000 0000
0688377595,PHONE,+12312312312
2454553323,EMAIL,domain@name.surname
2454553323,CREDIT,0000 0000 0000 0000
2454553323,PHONE,+12312312312
6371081663,EMAIL,domain@name.surname
6371081663,CREDIT,0000 0000 0000 0000
6371081663,PHONE,+12312312312
9503805248,EMAIL,domain@name.surname
9503805248,CREDIT,0000 0000 0000 0000
9503805248,PHONE,+12312312312
9925145873,EMAIL,domain@name.surname
9925145873,CREDIT,0000 0000 0000 0000
9925145873,PHONE,+12312312312
4559111377,EMAIL,domain@name.surname
4559111377,CREDIT,0000 0000 0000 0000
4559111377,PHONE,+12312312312
7364117172,EMAIL,domain@name.surname
7364117172,CREDIT,0000 0000 0000 0000
7364117172,PHONE,+12312312312
3963730167,EMAIL,domain@name.surname
3963730167,CREDIT,0000 0000 0000 0000
3963730167,PHONE,+12312312312
8914196505,EMAIL,domain@name.surname
8914196505,CREDIT,0000 0000 0000 0000
8914196505,PHONE,+12312312312
1199363656,EMAIL,domain@name.surname
1199363656,CREDIT,0000 0000 0000 0000
1199363656,PHONE,+12312312312
9758990002,EMAIL,domain@name.surname
9758990002,CREDIT,0000 0000 0000 0000
9758990002,PHONE,+12312312312
2935933448,EMAIL,domain@name.surname
2935933448,CREDIT,0000 0000 0000 0000
2935933448,PHONE,+12312312312
4926160146,EMAIL,domain@name.surname
4926160146,CREDIT,0000 0000 0000 0000
4926160146,PHONE,+12312312312
7767287752,EMAIL,domain@name.surname
7767287752,CREDIT,0000 0000 0000 0000
7767287752,PHONE,+12312312312
3597152996,EMAIL,domain@name.surname
3597152996,CREDIT,0000 0000 0000 0000
3597152996,PHONE,+12312312312
0423101661,EMAIL,domain@name.surname
0423101661,CREDIT,0000 0000 0000 0000
0423101661,PHONE,+12312312312
7731854965,EMAIL,domain@name.surname
7731854965,CREDIT,0000 0000 0000 0000
7731854965,PHONE,+12312312312
5612428326,EMAIL,domain@name.surname
5612428326,CREDIT,0000 0000 0000 0000
5612428326,PHONE,+12312312312
0416581326,EMAIL,domain@name.surname
0416581326,CREDIT,0000 0000 0000 0000
0416581326,PHONE,+12312312312
8288682639,EMAIL,domain@name.surname
8288682639,CREDIT,0000 0000 0000 0000
8288682639,PHONE,+12312312312
2964042619,EMAIL,domain@name.surname
2964042619,CREDIT,0000 0000 0000 0000
2964042619,PHONE,+12312312312
3301236495,EMAIL,domain@name.surname
3301236495,CREDIT,0000 0000 0000 0000
3301236495,PHONE,+12312312312
9493987711,EMAIL,domain@name.surname
9493987711,CREDIT,0000 0000 0000 0000
9493987711,PHONE,+12312312312
2209366030,EMAIL,domain@name.surname
2209366030,CREDIT,0000 0000 0000 0000
2209366030,PHONE,+12312312312
4391312834,EMAIL,domain@name.surname
4391312834,CREDIT,0000 0000 0000 0000
4391312834,PHONE,+12312312312
9221645378,EMAIL,domain@name.surname
9221645378,CREDIT,0000 0000 0000 0000
9221645378,PHONE,+12312312312
9838436917,EMAIL,domain@name.surname
9838436917,CREDIT,0000 0000 0000 0000
9838436917,PHONE,+12312312312
7494981721,EMAIL,domain@name.surname
7494981721,CREDIT,0000 0000 0000 0000
7494981721,PHONE,+12312312312
1006391003,EMAIL,domain@name.surname
1006391003,CREDIT,0000 0000 0000 0000
1006391003,PHONE,+12312312312
9523808597,EMAIL,domain@name.surname
9523808597,CREDIT,0000 0000 0000 0000
9523808597,PHONE,+12312312312
2281718219,EMAIL,domain@name.surname
2281718219,CREDIT,0000 0000 0000 0000
2281718219,PHONE,+12312312312
5548679675,EMAIL,domain@name.surname
5548679675,CREDIT,0000 0000 0000 0000
5548679675,PHONE,+12312312312
5825171349,EMAIL,domain@name.surname
5825171349,CREDIT,0000 0000 0000 0000
5825171349,PHONE,+12312312312
1693032257,EMAIL,domain@name.surname
1693032257,CREDIT,0000 0000 0000 0000
1693032257,PHONE,+12312312312
9363296175,EMAIL,domain@name.surname
9363296175,CREDIT,0000 0000 0000 0000
9363296175,PHONE,+12312312312
7434624487,EMAIL,domain@name.surname
7434624487,CREDIT,0000 0000 0000 0000
7434624487,PHONE,+12312312312
8600960311,EMAIL,domain@name.surname
8600960311,CREDIT,0000 0000 0000 0000
8600960311,PHONE,+12312312312
0664932238,EMAIL,domain@name.surname
0664932238,CREDIT,0000 0000 0000 0000
0664932238,PHONE,+12312312312
1369845610,EMAIL,domain@name.surname
1369845610,CREDIT,0000 0000 0000 0000
1369845610,PHONE,+12312312312
5864334194,EMAIL,domain@name.surname
5864334194,CREDIT,0000 0000 0000 0000
5864334194,PHONE,+12312312312
3739425480,EMAIL,domain@name.surname
3739425480,CREDIT,0000 0000 0000 0000
3739425480,PHONE,+12312312312
9597269036,EMAIL,domain@name.surname
9597269036,CREDIT,0000 0000 0000 0000
9597269036,PHONE,+12312312312
5409574881,EMAIL,domain@name.surname
5409574881,CREDIT,0000 0000 0000 0000
5409574881,PHONE,+12312312312
1468452403,EMAIL,domain@name.surname
1468452403,CREDIT,0000 0000 0000 0000
1468452403,PHONE,+12312312312
5768297722,EMAIL,domain@name.surname
5768297722,CREDIT,0000 0000 0000 0000
5768297722,PHONE,+12312312312
6226061086,EMAIL,domain@name.surname
6226061086,CREDIT,0000 0000 0000 0000
6226061086,PHONE,+12312312312
8069797510,EMAIL,domain@name.surname
8069797510,CREDIT,0000 0000 0000 0000
8069797510,PHONE,+12312312312
0251289052,EMAIL,domain@name.surname
0251289052,CREDIT,0000 0000 0000 0000
0251289052,PHONE,+12312312312
7919831368,EMAIL,domain@name.surname
7919831368,CREDIT,0000 0000 0000 0000
7919831368,PHONE,+12312312312
7361631494,EMAIL,domain@name.surname
7361631494,CREDIT,0000 0000 0000 0000
7361631494,PHONE,+12312312312
2395832006,EMAIL,domain@name.surname
2395832006,CREDIT,0000 0000 0000 0000
2395832006,PHONE,+12312312312
3270849584,EMAIL,domain@name.surname
3270849584,CREDIT,0000 0000 0000 0000
3270849584,PHONE,+12312312312
8571878161,EMAIL,domain@name.surname
8571878161,CREDIT,0000 0000 0000 0000
8571878161,PHONE,+12312312312
8170858900,EMAIL,domain@name.surname
8170858900,CREDIT,0000 0000 0000 0000
8170858900,PHONE,+12312312312
8313829726,EMAIL,domain@name.surname
8313829726,CREDIT,0000 0000 0000 0000
8313829726,PHONE,+12312312312
3541089371,EMAIL,domain@name.surname
3541089371,CREDIT,0000 0000 0000 0000
3541089371,PHONE,+12312312312
5521870212,EMAIL,domain@name.surname
5521870212,CREDIT,0000 0000 0000 0000
5521870212,PHONE,+12312312312
4541634820,EMAIL,domain@name.surname
4541634820,CREDIT,0000 0000 0000 0000
4541634820,PHONE,+12312312312
2317208347,EMAIL,domain@name.surname
2317208347,CREDIT,0000 0000 0000 0000
2317208347,PHONE,+12312312312
0822844213,EMAIL,domain@name.surname
0822844213,CREDIT,0000 0000 0000 0000
0822844213,PHONE,+12312312312
4762825537,EMAIL,domain@name.surname
4762825537,CREDIT,0000 0000 0000 0000
4762825537,PHONE,+12312312312
3359621212,EMAIL,domain@name.surname
3359621212,CREDIT,0000 0000 0000 0000
3359621212,PHONE,+12312312312
7701951737,EMAIL,domain@name.surname
7701951737,CREDIT,0000 0000 0000 0000
7701951737,PHONE,+12312312312
6591675795,EMAIL,domain@name.surname
6591675795,CREDIT,0000 0000 0000 0000
6591675795,PHONE,+12312312312
5734300285,EMAIL,domain@name.surname
5734300285,CREDIT,0000 0000 0000 0000
5734300285,PHONE,+12312312312
4917688356,EMAIL,domain@name.surname
4917688356,CREDIT,0000 0000 0000 0000
4917688356,PHONE,+12312312312
4294420809,EMAIL,domain@name.surname
4294420809,CREDIT,0000 0000 0000 0000
4294420809,PHONE,+12312312312
3865375079,EMAIL,domain@name.surname
3865375079,CREDIT,0000 0000 0000 0000
3865375079,PHONE,+12312312312
3987183888,EMAIL,domain@name.surname
3987183888,CREDIT,0000 0000 0000 0000
3987183888,PHONE,+12312312312
7765642744,EMAIL,domain@name.surname
7765642744,CREDIT,0000 0000 0000 0000
7765642744,PHONE,+12312312312
2322116849,EMAIL,domain@name.surname
2322116849,CREDIT,0000 0000 0000 0000
2322116849,PHONE,+12312312312
9841108999,EMAIL,domain@name.surname
9841108999,CREDIT,0000 0000 0000 0000
9841108999,PHONE,+12312312312
1673919516,EMAIL,domain@name.surname
1673919516,CREDIT,0000 0000 0000 0000
1673919516,PHONE,+12312312312
5060763728,EMAIL,domain@name.surname
5060763728,CREDIT,0000 0000 0000 0000
5060763728,PHONE,+12312312312
8521977541,EMAIL,domain@name.surname
8521977541,CREDIT,0000 0000 0000 0000
8521977541,PHONE,+12312312312
8271142991,EMAIL,domain@name.surname
8271142991,CREDIT,0000 0000 0000 0000
8271142991,PHONE,+12312312312
7613803136,EMAIL,domain@name.surname
7613803136,CREDIT,0000 0000 0000 0000
7613803136,PHONE,+12312312312
2245755567,EMAIL,domain@name.surname
2245755567,CREDIT,0000 0000 0000 0000
2245755567,PHONE,+12312312312
2009999835,EMAIL,domain@name.surname
2009999835,CREDIT,0000 0000 0000 0000
2009999835,PHONE,+12312312312
3117375972,EMAIL,domain@name.surname
3117375972,CREDIT,0000 0000 0000 0000
3117375972,PHONE,+12312312312
2948475159,EMAIL,domain@name.surname
2948475159,CREDIT,0000 0000 0000 0000
2948475159,PHONE,+12312312312
8225993397,EMAIL,domain@name.surname
8225993397,CREDIT,0000 0000 0000 0000
8225993397,PHONE,+12312312312
5606530864,EMAIL,domain@name.surname
5606530864,CREDIT,0000 0000 0000 0000
5606530864,PHONE,+12312312312
4993663070,EMAIL,domain@name.surname
4993663070,CREDIT,0000 0000 0000 0000
4993663070,PHONE,+12312312312
3896453117,EMAIL,domain@name.surname
3896453117,CREDIT,0000 0000 0000 0000
3896453117,PHONE,+12312312312
0069520713,EMAIL,domain@name.surname
0069520713,CREDIT,0000 0000 0000 0000
0069520713,PHONE,+12312312312
2058724430,EMAIL,domain@name.surname
2058724430,CREDIT,0000 0000 0000 0000
2058724430,PHONE,+12312312312
1031286332,EMAIL,domain@name.surname
1031286332,CREDIT,0000 0000 0000 0000
1031286332,PHONE,+12312312312
2301878513,EMAIL,domain@name.surname
2301878513,CREDIT,0000 0000 0000 0000
2301878513,PHONE,+12312312312
0541450062,EMAIL,domain@name.surname
0541450062,CREDIT,0000 0000 0000 0000
0541450062,PHONE,+12312312312
6024873235,EMAIL,domain@name.surname
6024873235,CREDIT,0000 0000 0000 0000
6024873235,PHONE,+12312312312
4102577925,EMAIL,domain@name.surname
4102577925,CREDIT,0000 0000 0000 0000
4102577925,PHONE,+12312312312
5771892827,EMAIL,domain@name.surname
5771892827,CREDIT,0000 0000 0000 0000
5771892827,PHONE,+12312312312
1042918208,EMAIL,domain@name.surname
1042918208,CREDIT,0000 0000 0000 0000
1042918208,PHONE,+12312312312
7364082534,EMAIL,domain@name.surname
7364082534,CREDIT,0000 0000 0000 0000
7364082534,PHONE,+12312312312
8921720431,EMAIL,domain@name.surname
8921720431,CREDIT,0000 0000 0000 0000
8921720431,PHONE,+12312312312
9788544401,EMAIL,domain@name.surname
9788544401,CREDIT,0000 0000 0000 0000
9788544401,PHONE,+12312312312
9537418105,EMAIL,domain@name.surname
9537418105,CREDIT,0000 0000 0000 0000
9537418105,PHONE,+12312312312
4289968514,EMAIL,domain@name.surname
4289968514,CREDIT,0000 0000 0000 0000
4289968514,PHONE,+12312312312
8342537040,EMAIL,domain@name.surname
8342537040,CREDIT,0000 0000 0000 0000
8342537040,PHONE,+12312312312
2702987969,EMAIL,domain@name.surname
2702987969,CREDIT,0000 0000 0000 0000
2702987969,PHONE,+12312312312
7886041092,EMAIL,domain@name.surname
7886041092,CREDIT,0000 0000 0000 0000
7886041092,PHONE,+12312312312
6636839055,EMAIL,domain@name.surname
6636839055,CREDIT,0000 0000 0000 0000
6636839055,PHONE,+12312312312
1089742922,EMAIL,domain@name.surname
1089742922,CREDIT,0000 0000 0000 0000
1089742922,PHONE,+12312312312
5885088996,EMAIL,domain@name.surname
5885088996,CREDIT,0000 0000 0000 0000
5885088996,PHONE,+12312312312
0649323688,EMAIL,domain@name.surname
0649323688,CREDIT,0000 0000 0000 0000
0649323688,PHONE,+12312312312
9980987259,EMAIL,domain@name.surname
9980987259,CREDIT,0000 0000 0000 0000
9980987259,PHONE,+12312312312
7969356772,EMAIL,domain@name.surname
7969356772,CREDIT,0000 0000 0000 0000
7969356772,PHONE,+12312312312
7609840463,EMAIL,domain@name.surname
7609840463,CREDIT,0000 0000 0000 0000
7609840463,PHONE,+12312312312
9857929685,EMAIL,domain@name.surname
9857929685,CREDIT,0000 0000 0000 0000
9857929685,PHONE,+12312312312
1330572481,EMAIL,domain@name.surname
1330572481,CREDIT,0000 0000 0000 0000
1330572481,PHONE,+12312312312
6541556288,EMAIL,domain@name.surname
6541556288,CREDIT,0000 0000 0000 0000
6541556288,PHONE,+12312312312
4466333634,EMAIL,domain@name.surname
4466333634,CREDIT,0000 0000 0000 0000
4466333634,PHONE,+12312312312
3964721527,EMAIL,domain@name.surname
3964721527,CREDIT,0000 0000 0000 0000
3964721527,PHONE,+12312312312
3620563582,EMAIL,domain@name.surname
3620563582,CREDIT,0000 0000 0000 0000
3620563582,PHONE,+12312312312
6454200810,EMAIL,domain@name.surname
6454200810,CREDIT,0000 0000 0000 0000
6454200810,PHONE,+12312312312
5049276328,EMAIL,domain@name.surname
5049276328,CREDIT,0000 0000 0000 0000
5049276328,PHONE,+12312312312
0803961951,EMAIL,domain@name.surname
0803961951,CREDIT,0000 0000 0000 0000
0803961951,PHONE,+12312312312
2651797236,EMAIL,domain@name.surname
2651797236,CREDIT,0000 0000 0000 0000
2651797236,PHONE,+12312312312
6556779639,EMAIL,domain@name.surname
6556779639,CREDIT,0000 0000 0000 0000
6556779639,PHONE,+12312312312
6760405694,EMAIL,domain@name.surname
6760405694,CREDIT,0000 0000 0000 0000
6760405694,PHONE,+12312312312
2633836851,EMAIL,domain@name.surname
2633836851,CREDIT,0000 0000 0000 0000
2633836851,PHONE,+12312312312
4363215490,EMAIL,domain@name.surname
4363215490,CREDIT,0000 0000 0000 0000
4363215490,PHONE,+12312312312
0814397970,EMAIL,domain@name.surname
0814397970,CREDIT,0000 0000 0000 0000
0814397970,PHONE,+12312312312
7673735382,EMAIL,domain@name.surname
7673735382,CREDIT,0000 0000 0000 0000
7673735382,PHONE,+12312312312
2567762806,EMAIL,domain@name.surname
2567762806,CREDIT,0000 0000 0000 0000
2567762806,PHONE,+12312312312
8932683074,EMAIL,domain@name.surname
8932683074,CREDIT,0000 0000 0000 0000
8932683074,PHONE,+12312312312
8283541894,EMAIL,domain@name.surname
8283541894,CREDIT,0000 0000 0000 0000
8283541894,PHONE,+12312312312
4736847640,EMAIL,domain@name.surname
4736847640,CREDIT,0000 0000 0000 0000
4736847640,PHONE,+12312312312
3100921067,EMAIL,domain@name.surname
3100921067,CREDIT,0000 0000 0000 0000
3100921067,PHONE,+12312312312
9023595799,EMAIL,domain@name.surname
9023595799,CREDIT,0000 0000 0000 0000
9023595799,PHONE,+12312312312
9440825657,EMAIL,domain@name.surname
9440825657,CREDIT,0000 0000 0000 0000
9440825657,PHONE,+12312312312
7615140897,EMAIL,domain@name.surname
7615140897,CREDIT,0000 0000 0000 0000
7615140897,PHONE,+12312312312
4440679814,EMAIL,domain@name.surname
4440679814,CREDIT,0000 0000 0000 0000
4440679814,PHONE,+12312312312
4893177478,EMAIL,domain@name.surname
4893177478,CREDIT,0000 0000 0000 0000
4893177478,PHONE,+12312312312
4634447940,EMAIL,domain@name.surname
4634447940,CREDIT,0000 0000 0000 0000
4634447940,PHONE,+12312312312
6652256993,EMAIL,domain@name.surname
6652256993,CREDIT,0000 0000 0000 0000
6652256993,PHONE,+12312312312
0919770570,EMAIL,domain@name.surname
0919770570,CREDIT,0000 0000 0000 0000
0919770570,PHONE,+12312312312
5302259310,EMAIL,domain@name.surname
5302259310,CREDIT,0000 0000 0000 0000
5302259310,PHONE,+12312312312
1217434244,EMAIL,domain@name.surname
1217434244,CREDIT,0000 0000 0000 0000
1217434244,PHONE,+12312312312
3960840954,EMAIL,domain@name.surname
3960840954,CREDIT,0000 0000 0000 0000
3960840954,PHONE,+12312312312
1576795366,EMAIL,domain@name.surname
1576795366,CREDIT,0000 0000 0000 0000
1576795366,PHONE,+12312312312
2934645499,EMAIL,domain@name.surname
2934645499,CREDIT,0000 0000 0000 0000
2934645499,PHONE,+12312312312
4392490627,EMAIL,domain@name.surname
4392490627,CREDIT,0000 0000 0000 0000
4392490627,PHONE,+12312312312
0548131887,EMAIL,domain@name.surname
0548131887,CREDIT,0000 0000 0000 0000
0548131887,PHONE,+12312312312
4216307244,EMAIL,domain@name.surname
4216307244,CREDIT,0000 0000 0000 0000
4216307244,PHONE,+12312312312
0381549024,EMAIL,domain@name.surname
0381549024,CREDIT,0000 0000 0000 0000
0381549024,PHONE,+12312312312
0156218284,EMAIL,domain@name.surname
0156218284,CREDIT,0000 0000 0000 0000
0156218284,PHONE,+12312312312
7710989759,EMAIL,domain@name.surname
7710989759,CREDIT,0000 0000 0000 0000
7710989759,PHONE,+12312312312
1841343039,EMAIL,domain@name.surname
1841343039,CREDIT,0000 0000 0000 0000
1841343039,PHONE,+12312312312
1347404429,EMAIL,domain@name.surname
1347404429,CREDIT,0000 0000 0000 0000
1347404429,PHONE,+12312312312
3956549954,EMAIL,domain@name.surname
3956549954,CREDIT,0000 0000 0000 0000
3956549954,PHONE,+12312312312
2792287952,EMAIL,domain@name.surname
2792287952,CREDIT,0000 0000 0000 0000
2792287952,PHONE,+12312312312
0804805596,EMAIL,domain@name.surname
0804805596,CREDIT,0000 0000 0000 0000
0804805596,PHONE,+12312312312
1581727241,EMAIL,domain@name.surname
1581727241,CREDIT,0000 0000 0000 0000
1581727241,PHONE,+12312312312
5184919991,EMAIL,domain@name.surname
5184919991,CREDIT,0000 0000 0000 0000
5184919991,PHONE,+12312312312
0095637878,EMAIL,domain@name.surname
0095637878,CREDIT,0000 0000 0000 0000
0095637878,PHONE,+12312312312
7078535988,EMAIL,domain@name.surname
7078535988,CREDIT,0000 0000 0000 0000
7078535988,PHONE,+12312312312
2598856205,EMAIL,domain@name.surname
2598856205,CREDIT,0000 0000 0000 0000
2598856205,PHONE,+12312312312
8407355562,EMAIL,domain@name.surname
8407355562,CREDIT,0000 0000 0000 0000
8407355562,PHONE,+12312312312
5810057709,EMAIL,domain@name.surname
5810057709,CREDIT,0000 0000 0000 0000
5810057709,PHONE,+12312312312
0615741336,EMAIL,domain@name.surname
0615741336,CREDIT,0000 0000 0000 0000
0615741336,PHONE,+12312312312
7815637968,EMAIL,domain@name.surname
7815637968,CREDIT,0000 0000 0000 0000
7815637968,PHONE,+12312312312
0859352804,EMAIL,domain@name.surname
0859352804,CREDIT,0000 0000 0000 0000
0859352804,PHONE,+12312312312
5134635120,EMAIL,domain@name.surname
5134635120,CREDIT,0000 0000 0000 0000
5134635120,PHONE,+12312312312
4387516334,EMAIL,domain@name.surname
4387516334,CREDIT,0000 0000 0000 0000
4387516334,PHONE,+12312312312
9527970906,EMAIL,domain@name.surname
9527970906,CREDIT,0000 0000 0000 0000
9527970906,PHONE,+12312312312
3572258030,EMAIL,domain@name.surname
3572258030,CREDIT,0000 0000 0000 0000
3572258030,PHONE,+12312312312
2056595614,EMAIL,domain@name.surname
2056595614,CREDIT,0000 0000 0000 0000
2056595614,PHONE,+12312312312
8822559706,EMAIL,domain@name.surname
8822559706,CREDIT,0000 0000 0000 0000
8822559706,PHONE,+12312312312
7011300847,EMAIL,domain@name.surname
7011300847,CREDIT,0000 0000 0000 0000
7011300847,PHONE,+12312312312
1941860222,EMAIL,domain@name.surname
1941860222,CREDIT,0000 0000 0000 0000
1941860222,PHONE,+12312312312
1188197137,EMAIL,domain@name.surname
1188197137,CREDIT,0000 0000 0000 0000
1188197137,PHONE,+12312312312
5971802192,EMAIL,domain@name.surname
5971802192,CREDIT,0000 0000 0000 0000
5971802192,PHONE,+12312312312
3101608000,EMAIL,domain@name.surname
3101608000,CREDIT,0000 0000 0000 0000
3101608000,PHONE,+12312312312
3267266767,EMAIL,domain@name.surname
3267266767,CREDIT,0000 0000 0000 0000
3267266767,PHONE,+12312312312
7997755765,EMAIL,domain@name.surname
7997755765,CREDIT,0000 0000 0000 0000
7997755765,PHONE,+12312312312
7658494949,EMAIL,domain@name.surname
7658494949,CREDIT,0000 0000 0000 0000
7658494949,PHONE,+12312312312
5202588989,EMAIL,domain@name.surname
5202588989,CREDIT,0000 0000 0000 0000
5202588989,PHONE,+12312312312
7453734672,EMAIL,domain@name.surname
7453734672,CREDIT,0000 0000 0000 0000
7453734672,PHONE,+12312312312
9098084601,EMAIL,domain@name.surname
9098084601,CREDIT,0000 0000 0000 0000
9098084601,PHONE,+12312312312
5520048693,EMAIL,domain@name.surname
5520048693,CREDIT,0000 0000 0000 0000
5520048693,PHONE,+12312312312
1811153589,EMAIL,domain@name.surname
1811153589,CREDIT,0000 0000 0000 0000
1811153589,PHONE,+12312312312
0725508060,EMAIL,domain@name.surname
0725508060,CREDIT,0000 0000 0000 0000
0725508060,PHONE,+12312312312
6309331709,EMAIL,domain@name.surname
6309331709,CREDIT,0000 0000 0000 0000
6309331709,PHONE,+12312312312
5062704395,EMAIL,domain@name.surname
5062704395,CREDIT,0000 0000 0000 0000
5062704395,PHONE,+12312312312
0074641687,EMAIL,domain@name.surname
0074641687,CREDIT,0000 0000 0000 0000
0074641687,PHONE,+12312312312
8698416405,EMAIL,domain@name.surname
8698416405,CREDIT,0000 0000 0000 0000
8698416405,PHONE,+12312312312
4198345869,EMAIL,domain@name.surname
4198345869,CREDIT,0000 0000 0000 0000
4198345869,PHONE,+12312312312
3246438089,EMAIL,domain@name.surname
3246438089,CREDIT,0000 0000 0000 0000
3246438089,PHONE,+12312312312
2695712189,EMAIL,domain@name.surname
2695712189,CREDIT,0000 0000 0000 0000
2695712189,PHONE,+12312312312
2121296317,EMAIL,domain@name.surname
2121296317,CREDIT,0000 0000 0000 0000
2121296317,PHONE,+12312312312
8180040774,EMAIL,domain@name.surname
8180040774,CREDIT,0000 0000 0000 0000
8180040774,PHONE,+12312312312
2881764477,EMAIL,domain@name.surname
2881764477,CREDIT,0000 0000 0000 0000
2881764477,PHONE,+12312312312
9611855576,EMAIL,domain@name.surname
9611855576,CREDIT,0000 0000 0000 0000
9611855576,PHONE,+12312312312
6830689341,EMAIL,domain@name.surname
6830689341,CREDIT,0000 0000 0000 0000
6830689341,PHONE,+12312312312
9899224923,EMAIL,domain@name.surname
9899224923,CREDIT,0000 0000 0000 0000
9899224923,PHONE,+12312312312
6337501839,EMAIL,domain@name.surname
6337501839,CREDIT,0000 0000 0000 0000
6337501839,PHONE,+12312312312
0420140707,EMAIL,domain@name.surname
0420140707,CREDIT,0000 0000 0000 0000
0420140707,PHONE,+12312312312
6154335221,EMAIL,domain@name.surname
6154335221,CREDIT,0000 0000 0000 0000
6154335221,PHONE,+12312312312
0234091861,EMAIL,domain@name.surname
0234091861,CREDIT,0000 0000 0000 0000
0234091861,PHONE,+12312312312
6706339252,EMAIL,domain@name.surname
6706339252,CREDIT,0000 0000 0000 0000
6706339252,PHONE,+12312312312
5725225982,EMAIL,domain@name.surname
5725225982,CREDIT,0000 0000 0000 0000
5725225982,PHONE,+12312312312
0296405041,EMAIL,domain@name.surname
0296405041,CREDIT,0000 0000 0000 0000
0296405041,PHONE,+12312312312
6847720241,EMAIL,domain@name.surname
6847720241,CREDIT,0000 0000 0000 0000
6847720241,PHONE,+12312312312
9405208579,EMAIL,domain@name.surname
9405208579,CREDIT,0000 0000 0000 0000
9405208579,PHONE,+12312312312
7167027180,EMAIL,domain@name.surname
7167027180,CREDIT,0000 0000 0000 0000
7167027180,PHONE,+12312312312
0318397835,EMAIL,domain@name.surname
0318397835,CREDIT,0000 0000 0000 0000
0318397835,PHONE,+12312312312
3103703118,EMAIL,domain@name.surname
3103703118,CREDIT,0000 0000 0000 0000
3103703118,PHONE,+12312312312
3542616749,EMAIL,domain@name.surname
3542616749,CREDIT,0000 0000 0000 0000
3542616749,PHONE,+12312312312
1009388123,EMAIL,domain@name.surname
1009388123,CREDIT,0000 0000 0000 0000
1009388123,PHONE,+12312312312
3561842331,EMAIL,domain@name.surname
3561842331,CREDIT,0000 0000 0000 0000
3561842331,PHONE,+12312312312
4191234227,EMAIL,domain@name.surname
4191234227,CREDIT,0000 0000 0000 0000
4191234227,PHONE,+12312312312
8537888034,EMAIL,domain@name.surname
8537888034,CREDIT,0000 0000 0000 0000
8537888034,PHONE,+12312312312
8936158479,EMAIL,domain@name.surname
8936158479,CREDIT,0000 0000 0000 0000
8936158479,PHONE,+12312312312
3601604902,EMAIL,domain@name.surname
3601604902,CREDIT,0000 0000 0000 0000
3601604902,PHONE,+12312312312
0285683687,EMAIL,domain@name.surname
0285683687,CREDIT,0000 0000 0000 0000
0285683687,PHONE,+12312312312
2347746244,EMAIL,domain@name.surname
2347746244,CREDIT,0000 0000 0000 0000
2347746244,PHONE,+12312312312
0296006293,EMAIL,domain@name.surname
0296006293,CREDIT,0000 0000 0000 0000
0296006293,PHONE,+12312312312
2451833361,EMAIL,domain@name.surname
2451833361,CREDIT,0000 0000 0000 0000
2451833361,PHONE,+12312312312
6559820519,EMAIL,domain@name.surname
6559820519,CREDIT,0000 0000 0000 0000
6559820519,PHONE,+12312312312
6375518132,EMAIL,domain@name.surname
6375518132,CREDIT,0000 0000 0000 0000
6375518132,PHONE,+12312312312
9590614009,EMAIL,domain@name.surname
9590614009,CREDIT,0000 0000 0000 0000
9590614009,PHONE,+12312312312
5405303211,EMAIL,domain@name.surname
5405303211,CREDIT,0000 0000 0000 0000
5405303211,PHONE,+12312312312
6800117616,EMAIL,domain@name.surname
6800117616,CREDIT,0000 0000 0000 0000
6800117616,PHONE,+12312312312
2407747514,EMAIL,domain@name.surname
2407747514,CREDIT,0000 0000 0000 0000
2407747514,PHONE,+12312312312
8910358612,EMAIL,domain@name.surname
8910358612,CREDIT,0000 0000 0000 0000
8910358612,PHONE,+12312312312
6825047760,EMAIL,domain@name.surname
6825047760,CREDIT,0000 0000 0000 0000
6825047760,PHONE,+12312312312
2457985383,EMAIL,domain@name.surname
2457985383,CREDIT,0000 0000 0000 0000
2457985383,PHONE,+12312312312
7870655034,EMAIL,domain@name.surname
7870655034,CREDIT,0000 0000 0000 0000
7870655034,PHONE,+12312312312
8659094489,EMAIL,domain@name.surname
8659094489,CREDIT,0000 0000 0000 0000
8659094489,PHONE,+12312312312
3320239585,EMAIL,domain@name.surname
3320239585,CREDIT,0000 0000 0000 0000
3320239585,PHONE,+12312312312
7902096942,EMAIL,domain@name.surname
7902096942,CREDIT,0000 0000 0000 0000
7902096942,PHONE,+12312312312
2849433344,EMAIL,domain@name.surname
2849433344,CREDIT,0000 0000 0000 0000
2849433344,PHONE,+12312312312
5046866983,EMAIL,domain@name.surname
5046866983,CREDIT,0000 0000 0000 0000
5046866983,PHONE,+12312312312
0385768763,EMAIL,domain@name.surname
0385768763,CREDIT,0000 0000 0000 0000
0385768763,PHONE,+12312312312
5065984412,EMAIL,domain@name.surname
5065984412,CREDIT,0000 0000 0000 0000
5065984412,PHONE,+12312312312
5114314611,EMAIL,domain@name.surname
5114314611,CREDIT,0000 0000 0000 0000
5114314611,PHONE,+12312312312
9904740788,EMAIL,domain@name.surname
9904740788,CREDIT,0000 0000 0000 0000
9904740788,PHONE,+12312312312
3144101897,EMAIL,domain@name.surname
3144101897,CREDIT,0000 0000 0000 0000
3144101897,PHONE,+12312312312
6800134994,EMAIL,domain@name.surname
6800134994,CREDIT,0000 0000 0000 0000
6800134994,PHONE,+12312312312
6830495036,EMAIL,domain@name.surname
6830495036,CREDIT,0000 0000 0000 0000
6830495036,PHONE,+12312312312
1387346694,EMAIL,domain@name.surname
1387346694,CREDIT,0000 0000 0000 0000
1387346694,PHONE,+12312312312
6627321210,EMAIL,domain@name.surname
6627321210,CREDIT,0000 0000 0000 0000
6627321210,PHONE,+12312312312
6740317219,EMAIL,domain@name.surname
6740317219,CREDIT,0000 0000 0000 0000
6740317219,PHONE,+12312312312
2302539927,EMAIL,domain@name.surname
2302539927,CREDIT,0000 0000 0000 0000
2302539927,PHONE,+12312312312
6659472123,EMAIL,domain@name.surname
6659472123,CREDIT,0000 0000 0000 0000
6659472123,PHONE,+12312312312
7302585278,EMAIL,domain@name.surname
7302585278,CREDIT,0000 0000 0000 0000
7302585278,PHONE,+12312312312
5540287197,EMAIL,domain@name.surname
5540287197,CREDIT,0000 0000 0000 0000
5540287197,PHONE,+12312312312
0915351346,EMAIL,domain@name.surname
0915351346,CREDIT,0000 0000 0000 0000
0915351346,PHONE,+12312312312
4097866186,EMAIL,domain@name.surname
4097866186,CREDIT,0000 0000 0000 0000
4097866186,PHONE,+12312312312
4606785503,EMAIL,domain@name.surname
4606785503,CREDIT,0000 0000 0000 0000
4606785503,PHONE,+12312312312
8614694770,EMAIL,domain@name.surname
8614694770,CREDIT,0000 0000 0000 0000
8614694770,PHONE,+12312312312
6758907596,EMAIL,domain@name.surname
6758907596,CREDIT,0000 0000 0000 0000
6758907596,PHONE,+12312312312
0109025915,EMAIL,domain@name.surname
0109025915,CREDIT,0000 0000 0000 0000
0109025915,PHONE,+12312312312
8658862678,EMAIL,domain@name.surname
8658862678,CREDIT,0000 0000 0000 0000
8658862678,PHONE,+12312312312
3976379818,EMAIL,domain@name.surname
3976379818,CREDIT,0000 0000 0000 0000
3976379818,PHONE,+12312312312
5540239809,EMAIL,domain@name.surname
5540239809,CREDIT,0000 0000 0000 0000
5540239809,PHONE,+12312312312
5441870525,EMAIL,domain@name.surname
5441870525,CREDIT,0000 0000 0000 0000
5441870525,PHONE,+12312312312
5360060779,EMAIL,domain@name.surname
5360060779,CREDIT,0000 0000 0000 0000
5360060779,PHONE,+12312312312
1961591860,EMAIL,domain@name.surname
1961591860,CREDIT,0000 0000 0000 0000
1961591860,PHONE,+12312312312
7868621831,EMAIL,domain@name.surname
7868621831,CREDIT,0000 0000 0000 0000
7868621831,PHONE,+12312312312
6100151240,EMAIL,domain@name.surname
6100151240,CREDIT,0000 0000 0000 0000
6100151240,PHONE,+12312312312
7304798969,EMAIL,domain@name.surname
7304798969,CREDIT,0000 0000 0000 0000
7304798969,PHONE,+12312312312
3434149002,EMAIL,domain@name.surname
3434149002,CREDIT,0000 0000 0000 0000
3434149002,PHONE,+12312312312
5695700427,EMAIL,domain@name.surname
5695700427,CREDIT,0000 0000 0000 0000
5695700427,PHONE,+12312312312
1204214299,EMAIL,domain@name.surname
1204214299,CREDIT,0000 0000 0000 0000
1204214299,PHONE,+12312312312
9185240269,EMAIL,domain@name.surname
9185240269,CREDIT,0000 0000 0000 0000
9185240269,PHONE,+12312312312
9603291258,EMAIL,domain@name.surname
9603291258,CREDIT,0000 0000 0000 0000
9603291258,PHONE,+12312312312
6706273327,EMAIL,domain@name.surname
6706273327,CREDIT,0000 0000 0000 0000
6706273327,PHONE,+12312312312
7042575598,EMAIL,domain@name.surname
7042575598,CREDIT,0000 0000 0000 0000
7042575598,PHONE,+12312312312
3836606771,EMAIL,domain@name.surname
3836606771,CREDIT,0000 0000 0000 0000
3836606771,PHONE,+12312312312
6145146854,EMAIL,domain@name.surname
6145146854,CREDIT,0000 0000 0000 0000
6145146854,PHONE,+12312312312
8454631076,EMAIL,domain@name.surname
8454631076,CREDIT,0000 0000 0000 0000
8454631076,PHONE,+12312312312
8061853459,EMAIL,domain@name.surname
8061853459,CREDIT,0000 0000 0000 0000
8061853459,PHONE,+12312312312
2586061197,EMAIL,domain@name.surname
2586061197,CREDIT,0000 0000 0000 0000
2586061197,PHONE,+12312312312
5143737931,EMAIL,domain@name.surname
5143737931,CREDIT,0000 0000 0000 0000
5143737931,PHONE,+12312312312
5855063046,EMAIL,domain@name.surname
5855063046,CREDIT,0000 0000 0000 0000
5855063046,PHONE,+12312312312
4675844174,EMAIL,domain@name.surname
4675844174,CREDIT,0000 0000 0000 0000
4675844174,PHONE,+12312312312
1692547495,EMAIL,domain@name.surname
1692547495,CREDIT,0000 0000 0000 0000
1692547495,PHONE,+12312312312
7130276942,EMAIL,domain@name.surname
7130276942,CREDIT,0000 0000 0000 0000
7130276942,PHONE,+12312312312
4316050414,EMAIL,domain@name.surname
4316050414,CREDIT,0000 0000 0000 0000
4316050414,PHONE,+12312312312
2158464274,EMAIL,domain@name.surname
2158464274,CREDIT,0000 0000 0000 0000
2158464274,PHONE,+12312312312
6306244829,EMAIL,domain@name.surname
6306244829,CREDIT,0000 0000 0000 0000
6306244829,PHONE,+12312312312
9769526002,EMAIL,domain@name.surname
9769526002,CREDIT,0000 0000 0000 0000
9769526002,PHONE,+12312312312
5333178015,EMAIL,domain@name.surname
5333178015,CREDIT,0000 0000 0000 0000
5333178015,PHONE,+12312312312
9326300474,EMAIL,domain@name.surname
9326300474,CREDIT,0000 0000 0000 0000
9326300474,PHONE,+12312312312
1905980023,EMAIL,domain@name.surname
1905980023,CREDIT,0000 0000 0000 0000
1905980023,PHONE,+12312312312
5375226915,EMAIL,domain@name.surname
5375226915,CREDIT,0000 0000 0000 0000
5375226915,PHONE,+12312312312
0824137531,EMAIL,domain@name.surname
0824137531,CREDIT,0000 0000 0000 0000
0824137531,PHONE,+12312312312
6881557618,EMAIL,domain@name.surname
6881557618,CREDIT,0000 0000 0000 0000
6881557618,PHONE,+12312312312
5301789587,EMAIL,domain@name.surname
5301789587,CREDIT,0000 0000 0000 0000
5301789587,PHONE,+12312312312
9113439308,EMAIL,domain@name.surname
9113439308,CREDIT,0000 0000 0000 0000
9113439308,PHONE,+12312312312
3317786213,EMAIL,domain@name.surname
3317786213,CREDIT,0000 0000 0000 0000
3317786213,PHONE,+12312312312
1823078538,EMAIL,domain@name.surname
1823078538,CREDIT,0000 0000 0000 0000
1823078538,PHONE,+12312312312
1529496358,EMAIL,domain@name.surname
1529496358,CREDIT,0000 0000 0000 0000
1529496358,PHONE,+12312312312
7013763409,EMAIL,domain@name.surname
7013763409,CREDIT,0000 0000 0000 0000
7013763409,PHONE,+12312312312
7537721704,EMAIL,domain@name.surname
7537721704,CREDIT,0000 0000 0000 0000
7537721704,PHONE,+12312312312
1628124489,EMAIL,domain@name.surname
1628124489,CREDIT,0000 0000 0000 0000
1628124489,PHONE,+12312312312
2920499321,EMAIL,domain@name.surname
2920499321,CREDIT,0000 0000 0000 0000
2920499321,PHONE,+12312312312
9416099422,EMAIL,domain@name.surname
9416099422,CREDIT,0000 0000 0000 0000
9416099422,PHONE,+12312312312
0218666958,EMAIL,domain@name.surname
0218666958,CREDIT,0000 0000 0000 0000
0218666958,PHONE,+12312312312
9707904387,EMAIL,domain@name.surname
9707904387,CREDIT,0000 0000 0000 0000
9707904387,PHONE,+12312312312
2070854318,EMAIL,domain@name.surname
2070854318,CREDIT,0000 0000 0000 0000
2070854318,PHONE,+12312312312
3627643871,EMAIL,domain@name.surname
3627643871,CREDIT,0000 0000 0000 0000
3627643871,PHONE,+12312312312
0702569827,EMAIL,domain@name.surname
0702569827,CREDIT,0000 0000 0000 0000
0702569827,PHONE,+12312312312
7999208169,EMAIL,domain@name.surname
7999208169,CREDIT,0000 0000 0000 0000
7999208169,PHONE,+12312312312
1672152022,EMAIL,domain@name.surname
1672152022,CREDIT,0000 0000 0000 0000
1672152022,PHONE,+12312312312
9087308688,EMAIL,domain@name.surname
9087308688,CREDIT,0000 0000 0000 0000
9087308688,PHONE,+12312312312
2691978059,EMAIL,domain@name.surname
2691978059,CREDIT,0000 0000 0000 0000
2691978059,PHONE,+12312312312
7266456161,EMAIL,domain@name.surname
7266456161,CREDIT,0000 0000 0000 0000
7266456161,PHONE,+12312312312
8024861552,EMAIL,domain@name.surname
8024861552,CREDIT,0000 0000 0000 0000
8024861552,PHONE,+12312312312
1006104220,EMAIL,domain@name.surname
1006104220,CREDIT,0000 0000 0000 0000
1006104220,PHONE,+12312312312
2312987228,EMAIL,domain@name.surname
2312987228,CREDIT,0000 0000 0000 0000
2312987228,PHONE,+12312312312
5636278776,EMAIL,domain@name.surname
5636278776,CREDIT,0000 0000 0000 0000
5636278776,PHONE,+12312312312
9306356968,EMAIL,domain@name.surname
9306356968,CREDIT,0000 0000 0000 0000
9306356968,PHONE,+12312312312
3178689295,EMAIL,domain@name.surname
3178689295,CREDIT,0000 0000 0000 0000
3178689295,PHONE,+12312312312
3802795614,EMAIL,domain@name.surname
3802795614,CREDIT,0000 0000 0000 0000
3802795614,PHONE,+12312312312
6869901020,EMAIL,domain@name.surname
6869901020,CREDIT,0000 0000 0000 0000
6869901020,PHONE,+12312312312
7894066330,EMAIL,domain@name.surname
7894066330,CREDIT,0000 0000 0000 0000
7894066330,PHONE,+12312312312
3773058236,EMAIL,domain@name.surname
3773058236,CREDIT,0000 0000 0000 0000
3773058236,PHONE,+12312312312
2833657940,EMAIL,domain@name.surname
2833657940,CREDIT,0000 0000 0000 0000
2833657940,PHONE,+12312312312
6149540350,EMAIL,domain@name.surname
6149540350,CREDIT,0000 0000 0000 0000
6149540350,PHONE,+12312312312
7581961465,EMAIL,domain@name.surname
7581961465,CREDIT,0000 0000 0000 0000
7581961465,PHONE,+12312312312
5568246337,EMAIL,domain@name.surname
5568246337,CREDIT,0000 0000 0000 0000
5568246337,PHONE,+12312312312
6212372649,EMAIL,domain@name.surname
6212372649,CREDIT,0000 0000 0000 0000
6212372649,PHONE,+12312312312
4387115193,EMAIL,domain@name.surname
4387115193,CREDIT,0000 0000 0000 0000
4387115193,PHONE,+12312312312
7121714741,EMAIL,domain@name.surname
7121714741,CREDIT,0000 0000 0000 0000
7121714741,PHONE,+12312312312
8826218826,EMAIL,domain@name.surname
8826218826,CREDIT,0000 0000 0000 0000
8826218826,PHONE,+12312312312
3483113500,EMAIL,domain@name.surname
3483113500,CREDIT,0000 0000 0000 0000
3483113500,PHONE,+12312312312
0153118818,EMAIL,domain@name.surname
0153118818,CREDIT,0000 0000 0000 0000
0153118818,PHONE,+12312312312
4972295651,EMAIL,domain@name.surname
4972295651,CREDIT,0000 0000 0000 0000
4972295651,PHONE,+12312312312
0461874050,EMAIL,domain@name.surname
0461874050,CREDIT,0000 0000 0000 0000
0461874050,PHONE,+12312312312
5959900370,EMAIL,domain@name.surname
5959900370,CREDIT,0000 0000 0000 0000
5959900370,PHONE,+12312312312
9762618330,EMAIL,domain@name.surname
9762618330,CREDIT,0000 0000 0000 0000
9762618330,PHONE,+12312312312
9066327475,EMAIL,domain@name.surname
9066327475,CREDIT,0000 0000 0000 0000
9066327475,PHONE,+12312312312
4655201714,EMAIL,domain@name.surname
4655201714,CREDIT,0000 0000 0000 0000
4655201714,PHONE,+12312312312
6382641339,EMAIL,domain@name.surname
6382641339,CREDIT,0000 0000 0000 0000
6382641339,PHONE,+12312312312
9451490850,EMAIL,domain@name.surname
9451490850,CREDIT,0000 0000 0000 0000
9451490850,PHONE,+12312312312
7156316319,EMAIL,domain@name.surname
7156316319,CREDIT,0000 0000 0000 0000
7156316319,PHONE,+12312312312
3449141563,EMAIL,domain@name.surname
3449141563,CREDIT,0000 0000 0000 0000
3449141563,PHONE,+12312312312
0677532708,EMAIL,domain@name.surname
0677532708,CREDIT,0000 0000 0000 0000
0677532708,PHONE,+12312312312
3775935292,EMAIL,domain@name.surname
3775935292,CREDIT,0000 0000 0000 0000
3775935292,PHONE,+12312312312
0462955812,EMAIL,domain@name.surname
0462955812,CREDIT,0000 0000 0000 0000
0462955812,PHONE,+12312312312
0969177748,EMAIL,domain@name.surname
0969177748,CREDIT,0000 0000 0000 0000
0969177748,PHONE,+12312312312
1973673878,EMAIL,domain@name.surname
1973673878,CREDIT,0000 0000 0000 0000
1973673878,PHONE,+12312312312
6573491910,EMAIL,domain@name.surname
6573491910,CREDIT,0000 0000 0000 0000
6573491910,PHONE,+12312312312
1996360876,EMAIL,domain@name.surname
1996360876,CREDIT,0000 0000 0000 0000
1996360876,PHONE,+12312312312
4324570687,EMAIL,domain@name.surname
4324570687,CREDIT,0000 0000 0000 0000
4324570687,PHONE,+12312312312
3837647893,EMAIL,domain@name.surname
3837647893,CREDIT,0000 0000 0000 0000
3837647893,PHONE,+12312312312
7616429428,EMAIL,domain@name.surname
7616429428,CREDIT,0000 0000 0000 0000
7616429428,PHONE,+12312312312
9916045954,EMAIL,domain@name.surname
9916045954,CREDIT,0000 0000 0000 0000
9916045954,PHONE,+12312312312
0373806005,EMAIL,domain@name.surname
0373806005,CREDIT,0000 0000 0000 0000
0373806005,PHONE,+12312312312
9347975780,EMAIL,domain@name.surname
9347975780,CREDIT,0000 0000 0000 0000
9347975780,PHONE,+12312312312
1998665176,EMAIL,domain@name.surname
1998665176,CREDIT,0000 0000 0000 0000
1998665176,PHONE,+12312312312
2573686033,EMAIL,domain@name.surname
2573686033,CREDIT,0000 0000 0000 0000
2573686033,PHONE,+12312312312
8830594129,EMAIL,domain@name.surname
8830594129,CREDIT,0000 0000 0000 0000
8830594129,PHONE,+12312312312
